date_m,Year-ahead,Month-ahead
2012-09-14,104.47,91.02
2012-09-17,104.34,90.72
2012-09-18,104.01,90.37
2012-09-19,103.73,90.17
2012-09-20,103.53,90.5
2012-09-21,102.98,89.57
2012-09-24,101.74,88.07
2012-09-25,101.88,87.8
2012-09-26,101.75,87.9
2012-09-27,102.23,88.6
2012-09-28,102.13,88.65
2012-10-01,101.25,88.97
2012-10-02,101.16,89.27
2012-10-03,100.86,88.92
2012-10-04,101.43,89.55
2012-10-05,102.18,90.22
2012-10-08,101.97,90.45
2012-10-09,101.96,90.35
2012-10-10,101.6,89.4
2012-10-11,100.85,88.48
2012-10-12,99.93,87.48
2012-10-15,98.2,85.82
2012-10-16,99.18,86.87
2012-10-17,100.14,87.67
2012-10-18,99.72,87.55
2012-10-19,100.31,88.25
2012-10-22,100.0,88.12
2012-10-23,99.25,87.85
2012-10-24,98.81,87.25
2012-10-25,98.4,87.05
2012-10-26,98.14,86.47
2012-10-29,97.41,85.5
2012-10-30,97.88,86.0
2012-10-31,97.61,86.0
2012-11-01,97.78,87.52
2012-11-02,97.84,87.72
2012-11-05,98.14,88.5
2012-11-06,98.99,89.9
2012-11-07,98.62,89.42
2012-11-08,99.47,90.52
2012-11-09,99.46,90.6
2012-11-12,100.44,91.52
2012-11-13,99.97,90.57
2012-11-14,100.5,91.5
2012-11-15,100.8,92.42
2012-11-16,101.15,92.97
2012-11-19,101.1,92.5
2012-11-20,100.48,91.77
2012-11-21,99.99,91.25
2012-11-22,100.66,92.2
2012-11-23,101.54,93.5
2012-11-26,100.85,93.27
2012-11-27,100.98,94.0
2012-11-28,100.54,93.27
2012-11-29,100.87,93.22
2012-11-30,101.04,93.37
2012-12-03,101.36,94.2
2012-12-04,101.4,93.82
2012-12-05,101.08,93.1
2012-12-06,100.27,92.12
2012-12-07,100.01,91.85
2012-12-10,99.86,91.62
2012-12-11,99.34,90.67
2012-12-12,98.7,89.8
2012-12-13,99.49,90.57
2012-12-14,99.8,91.5
2012-12-17,100.01,92.0
2012-12-18,100.62,92.87
2012-12-19,100.5,92.97
2012-12-20,99.63,91.82
2012-12-21,99.24,91.17
2012-12-24,98.9,90.87
2012-12-26,98.9,90.87
2012-12-27,98.19,90.37
2012-12-28,98.41,90.47
2012-12-31,98.33,90.4
2013-01-02,105.79,90.87
2013-01-03,105.44,89.87
2013-01-04,105.22,89.67
2013-01-07,105.08,88.97
2013-01-08,104.89,88.2
2013-01-09,104.98,88.32
2013-01-10,105.16,88.22
2013-01-11,105.05,88.15
2013-01-14,104.28,87.3
2013-01-15,103.9,87.22
2013-01-16,103.36,87.52
2013-01-17,103.9,88.4
2013-01-18,102.8,87.65
2013-01-21,102.17,86.7
2013-01-22,102.64,87.17
2013-01-23,102.02,86.75
2013-01-24,102.51,87.42
2013-01-25,103.22,88.27
2013-01-28,103.98,88.4
2013-01-29,103.79,87.72
2013-01-30,103.82,87.62
2013-01-31,102.92,86.88
2013-02-01,103.46,88.47
2013-02-04,103.01,88.07
2013-02-05,102.96,88.52
2013-02-06,102.81,88.5
2013-02-07,102.81,89.07
2013-02-08,103.79,90.85
2013-02-11,103.44,90.27
2013-02-12,103.52,90.15
2013-02-13,102.69,89.1
2013-02-14,102.11,88.5
2013-02-15,101.76,88.27
2013-02-18,102.19,88.97
2013-02-19,102.25,89.8
2013-02-20,102.47,90.62
2013-02-21,102.29,90.17
2013-02-22,101.91,89.45
2013-02-25,101.67,89.25
2013-02-26,101.16,89.3
2013-02-27,100.82,89.05
2013-02-28,101.21,90.1
2013-03-01,100.59,88.27
2013-03-04,99.5,87.07
2013-03-05,99.4,86.7
2013-03-06,99.06,86.4
2013-03-07,99.41,86.87
2013-03-08,99.09,86.35
2013-03-11,98.83,86.4
2013-03-12,98.98,86.52
2013-03-13,98.39,85.42
2013-03-14,97.83,84.6
2013-03-15,98.12,84.77
2013-03-18,97.62,83.97
2013-03-19,96.75,82.67
2013-03-20,96.17,81.3
2013-03-21,96.53,81.4
2013-03-22,96.71,81.62
2013-03-25,96.95,81.8
2013-03-26,96.62,81.22
2013-03-27,96.14,80.38
2013-04-01,95.8,80.55
2013-04-02,95.62,80.72
2013-04-03,96.43,82.17
2013-04-04,97.03,82.72
2013-04-05,97.49,83.67
2013-04-08,97.72,84.15
2013-04-09,96.84,82.97
2013-04-10,96.98,83.5
2013-04-11,97.54,84.22
2013-04-12,97.93,85.15
2013-04-15,97.1,84.65
2013-04-16,96.91,84.7
2013-04-17,96.12,83.25
2013-04-18,95.63,82.98
2013-04-19,96.44,84.18
2013-04-22,96.58,84.7
2013-04-23,97.21,85.5
2013-04-24,96.68,85.22
2013-04-25,97.08,85.78
2013-04-26,96.61,85.42
2013-04-29,96.26,84.85
2013-04-30,95.88,83.9
2013-05-01,95.44,83.22
2013-05-02,95.59,83.57
2013-05-03,95.85,84.15
2013-05-06,95.85,84.15
2013-05-07,95.68,84.0
2013-05-08,95.68,84.07
2013-05-13,94.12,82.52
2013-05-14,94.47,82.8
2013-05-15,94.1,82.5
2013-05-16,93.38,81.92
2013-05-17,93.28,81.22
2013-05-20,93.93,81.82
2013-05-21,94.27,81.97
2013-05-22,94.43,82.05
2013-05-23,94.17,81.7
2013-05-24,94.15,81.67
2013-05-27,94.15,81.67
2013-05-28,94.24,81.57
2013-05-29,93.78,81.07
2013-05-30,93.66,80.78
2013-05-31,93.22,80.22
2013-06-03,92.52,80.22
2013-06-04,92.33,79.88
2013-06-05,92.52,80.25
2013-06-06,91.9,79.88
2013-06-07,91.71,80.03
2013-06-10,90.87,79.05
2013-06-11,90.73,78.38
2013-06-12,90.56,77.62
2013-06-13,89.46,76.55
2013-06-14,90.13,76.68
2013-06-17,89.84,76.2
2013-06-18,90.12,76.4
2013-06-19,90.19,76.8
2013-06-20,89.01,76.32
2013-06-21,88.27,75.72
2013-06-24,87.55,75.25
2013-06-25,87.82,75.95
2013-06-26,87.77,75.68
2013-06-27,87.99,75.28
2013-06-28,88.34,75.03
2013-07-01,88.44,76.5
2013-07-02,89.22,76.58
2013-07-03,89.77,77.35
2013-07-04,89.28,77.28
2013-07-05,89.89,78.08
2013-07-08,89.6,77.9
2013-07-09,89.14,77.5
2013-07-10,88.75,77.18
2013-07-11,88.75,77.2
2013-07-12,88.48,76.9
2013-07-15,88.87,77.38
2013-07-16,89.31,78.0
2013-07-17,89.68,78.47
2013-07-18,89.08,77.85
2013-07-19,88.55,77.15
2013-07-22,88.03,76.85
2013-07-23,88.69,77.38
2013-07-24,88.53,77.47
2013-07-25,88.51,77.82
2013-07-26,88.23,77.68
2013-07-29,88.1,77.58
2013-07-30,87.94,77.45
2013-07-31,87.21,76.35
2013-08-01,86.78,76.12
2013-08-02,86.19,75.53
2013-08-05,85.44,74.68
2013-08-06,85.57,74.85
2013-08-07,85.34,74.75
2013-08-08,85.65,74.9
2013-08-09,85.99,75.5
2013-08-12,86.84,76.2
2013-08-13,86.27,75.78
2013-08-14,86.77,76.15
2013-08-15,86.58,75.93
2013-08-16,86.51,75.92
2013-08-19,86.37,75.9
2013-08-21,86.59,76.32
2013-08-22,86.65,76.57
2013-08-23,86.51,76.75
2013-08-27,86.22,76.5
2013-08-28,85.66,76.03
2013-08-29,85.66,76.18
2013-08-30,85.92,76.4
2013-09-02,86.36,77.25
2013-09-03,86.34,77.43
2013-09-04,86.37,77.28
2013-09-05,86.73,77.82
2013-09-06,86.76,77.42
2013-09-09,87.07,77.55
2013-09-10,87.11,77.45
2013-09-11,86.92,77.72
2013-09-12,87.62,78.4
2013-09-13,87.8,78.95
2013-09-16,87.75,78.85
2013-09-17,88.16,80.02
2013-09-18,88.63,81.7
2013-09-19,87.82,80.35
2013-09-20,87.49,79.9
2013-09-23,88.44,82.5
2013-09-24,87.9,81.6
2013-09-25,88.12,82.15
2013-09-26,87.95,82.52
2013-09-27,87.27,81.92
2013-09-30,86.62,81.65
2013-10-01,86.25,79.5
2013-10-02,86.23,79.77
2013-10-03,85.82,79.8
2013-10-04,85.18,80.0
2013-10-07,85.78,80.22
2013-10-08,85.48,79.95
2013-10-09,85.44,79.55
2013-10-10,85.11,79.53
2013-10-11,84.3,78.72
2013-10-14,84.51,78.82
2013-10-15,84.87,79.32
2013-10-16,85.61,81.02
2013-10-17,86.22,82.67
2013-10-18,86.47,83.37
2013-10-21,86.82,84.7
2013-10-22,86.32,85.65
2013-10-23,86.77,87.22
2013-10-24,86.66,88.68
2013-10-25,86.11,87.35
2013-10-28,85.43,85.95
2013-10-29,85.91,85.52
2013-10-30,85.51,84.82
2013-10-31,85.03,82.58
2013-11-01,84.95,81.2
2013-11-04,84.72,80.7
2013-11-05,85.07,81.03
2013-11-06,85.37,81.88
2013-11-07,85.27,82.38
2013-11-08,84.44,82.0
2013-11-11,84.49,81.95
2013-11-12,83.96,80.75
2013-11-13,83.76,80.58
2013-11-14,83.87,80.82
2013-11-15,84.16,81.68
2013-11-18,83.87,81.85
2013-11-19,83.86,82.48
2013-11-20,84.72,84.75
2013-11-21,84.26,83.35
2013-11-22,84.24,83.3
2013-11-25,83.96,83.0
2013-11-26,84.37,83.67
2013-11-27,84.06,82.32
2013-11-28,84.08,81.72
2013-11-29,84.41,82.07
2013-12-02,84.42,81.25
2013-12-03,84.53,80.9
2013-12-04,84.42,80.3
2013-12-05,84.94,81.35
2013-12-06,85.4,81.98
2013-12-09,85.42,82.55
2013-12-10,85.41,82.82
2013-12-11,85.81,83.5
2013-12-12,86.27,84.52
2013-12-13,86.22,84.28
2013-12-16,86.04,83.78
2013-12-17,86.0,83.28
2013-12-18,85.95,83.18
2013-12-19,85.31,81.85
2013-12-20,85.02,81.25
2013-12-23,84.87,81.03
2013-12-24,84.8,80.88
2013-12-26,84.8,80.88
2013-12-27,84.8,80.97
2013-12-30,84.89,81.18
2013-12-31,84.85,81.12
2014-01-02,88.7,79.9
2014-01-03,87.91,79.0
2014-01-06,88.07,78.95
2014-01-07,88.03,78.9
2014-01-08,88.36,80.97
2014-01-09,88.45,82.88
2014-01-10,88.12,82.02
2014-01-13,88.1,82.38
2014-01-14,88.08,82.15
2014-01-15,88.18,83.4
2014-01-16,88.34,83.85
2014-01-17,88.37,83.78
2014-01-20,88.07,83.1
2014-01-21,87.4,82.28
2014-01-22,87.06,80.8
2014-01-23,87.06,80.95
2014-01-24,87.12,81.57
2014-01-27,86.77,81.75
2014-01-28,86.31,81.85
2014-01-29,85.71,80.97
2014-01-30,85.53,80.95
2014-01-31,84.7,79.38
2014-02-03,84.63,78.78
2014-02-04,84.21,78.32
2014-02-05,84.12,78.9
2014-02-06,84.14,78.88
2014-02-07,83.88,77.85
2014-02-10,83.1,77.38
2014-02-11,82.93,77.65
2014-02-12,82.68,77.85
2014-02-13,82.89,78.0
2014-02-14,83.35,78.38
2014-02-17,83.2,77.43
2014-02-18,83.13,76.5
2014-02-19,82.57,75.6
2014-02-20,82.53,74.15
2014-02-21,82.54,74.07
2014-02-24,82.22,72.92
2014-02-25,81.99,72.75
2014-02-26,81.65,72.4
2014-02-27,82.14,72.78
2014-02-28,82.48,72.82
2014-03-03,83.57,74.95
2014-03-04,83.13,74.35
2014-03-05,82.71,73.92
2014-03-06,82.6,74.55
2014-03-07,82.84,74.75
2014-03-10,82.09,74.52
2014-03-11,82.38,75.82
2014-03-12,82.48,76.22
2014-03-13,82.78,76.2
2014-03-14,83.25,76.9
2014-03-17,83.4,77.07
2014-03-18,83.14,76.47
2014-03-19,83.04,75.82
2014-03-20,82.77,75.15
2014-03-21,83.37,75.95
2014-03-24,83.01,75.92
2014-03-25,82.64,75.2
2014-03-26,82.25,74.75
2014-03-27,82.36,75.55
2014-03-28,82.55,76.22
2014-03-31,82.81,77.15
2014-04-01,82.42,75.6
2014-04-02,82.18,74.68
2014-04-03,82.21,74.47
2014-04-04,81.95,74.05
2014-04-07,82.62,74.6
2014-04-08,82.4,74.18
2014-04-09,82.56,74.3
2014-04-10,83.02,74.88
2014-04-11,83.22,75.12
2014-04-14,83.69,75.6
2014-04-15,84.29,76.6
2014-04-16,84.59,77.07
2014-04-17,84.07,76.25
2014-04-21,84.07,76.25
2014-04-22,83.55,75.25
2014-04-23,83.73,75.7
2014-04-24,84.46,75.8
2014-04-25,84.87,76.08
2014-04-28,85.73,76.85
2014-04-29,85.38,76.25
2014-04-30,84.69,75.25
2014-05-01,84.36,75.37
2014-05-02,84.94,75.8
2014-05-05,84.94,75.8
2014-05-06,85.13,76.1
2014-05-07,84.35,75.4
2014-05-08,84.42,75.52
2014-05-09,84.53,75.65
2014-05-12,84.63,75.9
2014-05-13,84.97,76.37
2014-05-14,85.01,76.72
2014-05-15,85.01,76.72
2014-05-16,84.89,76.4
2014-05-19,84.72,76.02
2014-05-20,84.63,75.85
2014-05-21,84.73,76.05
2014-05-22,84.84,76.4
2014-05-23,84.95,76.5
2014-05-26,84.95,76.5
2014-05-27,84.65,75.92
2014-05-28,84.46,75.55
2014-05-29,84.31,75.27
2014-05-30,83.59,74.55
2014-06-02,83.02,74.78
2014-06-03,83.05,74.85
2014-06-04,82.63,74.4
2014-06-05,82.28,73.78
2014-06-06,81.74,73.36
2014-06-09,81.65,73.18
2014-06-10,81.55,73.18
2014-06-11,81.5,73.25
2014-06-12,81.53,73.28
2014-06-13,81.96,73.78
2014-06-16,82.08,73.9
2014-06-17,81.72,73.47
2014-06-18,81.24,72.93
2014-06-19,81.05,72.93
2014-06-20,80.8,72.75
2014-06-23,80.54,72.38
2014-06-24,80.77,72.58
2014-06-25,81.21,73.97
2014-06-26,80.76,72.95
2014-06-27,80.86,73.0
2014-06-30,80.79,73.4
2014-07-01,80.64,73.87
2014-07-02,80.17,73.5
2014-07-03,79.97,73.25
2014-07-04,79.92,73.35
2014-07-07,80.09,73.57
2014-07-08,80.13,73.6
2014-07-09,79.84,73.35
2014-07-10,79.82,73.3
2014-07-11,79.49,73.25
2014-07-14,79.78,73.77
2014-07-15,79.64,73.65
2014-07-16,79.22,73.65
2014-07-17,79.92,74.02
2014-07-18,79.85,74.12
2014-07-21,79.97,74.7
2014-07-22,80.75,76.0
2014-07-23,80.95,76.22
2014-07-24,81.27,76.27
2014-07-25,81.45,77.12
2014-07-28,82.12,78.22
2014-07-29,81.2,77.32
2014-07-30,80.47,76.38
2014-07-31,80.29,76.28
2014-08-01,80.26,76.15
2014-08-04,80.35,76.35
2014-08-05,80.65,77.07
2014-08-06,81.18,77.2
2014-08-07,81.84,78.02
2014-08-08,82.43,78.57
2014-08-11,81.89,78.12
2014-08-12,81.46,77.42
2014-08-13,81.9,77.87
2014-08-14,81.8,77.3
2014-08-15,82.2,77.62
2014-08-18,81.47,76.77
2014-08-19,81.3,76.52
2014-08-20,81.26,76.8
2014-08-21,81.46,77.2
2014-08-22,81.55,77.62
2014-08-25,81.55,77.62
2014-08-26,81.19,77.42
2014-08-27,80.8,76.62
2014-08-28,81.06,77.22
2014-08-29,80.8,76.82
2014-09-01,80.85,77.02
2014-09-02,80.48,76.57
2014-09-03,80.44,76.2
2014-09-04,80.04,75.4
2014-09-05,79.86,74.97
2014-09-08,79.86,75.35
2014-09-09,79.47,74.6
2014-09-10,79.56,74.65
2014-09-11,79.55,74.92
2014-09-12,79.58,75.07
2014-09-15,79.26,74.87
2014-09-16,78.83,74.52
2014-09-17,78.43,74.2
2014-09-18,78.37,74.25
2014-09-19,78.35,74.22
2014-09-22,77.89,74.02
2014-09-23,77.41,73.77
2014-09-24,77.29,73.7
2014-09-25,77.0,73.17
2014-09-26,76.9,73.07
2014-09-29,76.07,72.17
2014-09-30,75.8,72.22
2014-10-01,75.98,72.6
2014-10-02,76.2,73.15
2014-10-03,75.13,72.28
2014-10-06,75.04,72.05
2014-10-07,75.23,72.3
2014-10-08,75.21,72.5
2014-10-09,74.78,72.2
2014-10-10,74.13,71.55
2014-10-13,73.67,71.2
2014-10-14,73.23,70.95
2014-10-15,73.52,71.45
2014-10-16,73.12,70.97
2014-10-17,73.0,70.78
2014-10-20,72.91,71.08
2014-10-21,73.03,71.38
2014-10-22,74.1,72.95
2014-10-23,73.82,73.32
2014-10-24,73.75,73.38
2014-10-27,73.75,73.45
2014-10-28,73.71,73.3
2014-10-29,73.91,73.35
2014-10-30,73.52,72.58
2014-10-31,72.94,71.95
2014-11-03,72.42,71.1
2014-11-04,71.46,70.25
2014-11-05,71.39,70.47
2014-11-06,70.84,70.15
2014-11-07,71.42,71.05
2014-11-10,71.99,72.28
2014-11-11,72.0,72.9
2014-11-12,72.01,72.8
2014-11-13,71.82,73.08
2014-11-14,71.86,72.78
2014-11-17,72.23,73.45
2014-11-18,72.65,73.5
2014-11-19,72.95,73.7
2014-11-20,72.72,73.15
2014-11-21,72.93,73.85
2014-11-24,73.33,74.22
2014-11-25,73.64,74.68
2014-11-26,73.61,74.25
2014-11-27,73.05,73.71
2014-11-28,72.81,73.35
2014-12-01,72.19,71.82
2014-12-02,71.71,71.32
2014-12-03,71.59,70.85
2014-12-04,71.82,70.75
2014-12-05,71.75,70.6
2014-12-08,71.27,70.28
2014-12-09,71.31,70.57
2014-12-10,71.09,70.45
2014-12-11,71.09,70.7
2014-12-12,70.66,70.38
2014-12-15,69.75,70.1
2014-12-16,68.84,69.53
2014-12-17,68.44,69.25
2014-12-18,68.52,69.2
2014-12-19,68.15,68.75
2014-12-22,67.65,68.5
2014-12-23,67.5,68.1
2014-12-24,67.4,67.97
2014-12-26,67.4,67.97
2014-12-29,66.75,66.92
2014-12-30,66.5,66.47
2014-12-31,66.34,66.4
2015-01-02,66.18,64.47
2015-01-05,64.02,62.25
2015-01-06,63.04,60.78
2015-01-07,62.87,58.58
2015-01-08,63.22,58.18
2015-01-09,63.01,57.45
2015-01-12,61.87,56.2
2015-01-13,62.99,57.22
2015-01-14,62.1,55.85
2015-01-15,60.83,54.12
2015-01-16,59.86,53.58
2015-01-19,60.13,54.42
2015-01-20,60.05,55.38
2015-01-21,61.17,57.02
2015-01-22,60.58,56.72
2015-01-23,59.78,55.85
2015-01-26,59.61,56.0
2015-01-27,60.2,57.37
2015-01-28,61.5,58.67
2015-01-29,61.09,57.52
2015-01-30,60.65,57.45
2015-02-02,61.22,58.35
2015-02-03,63.0,59.07
2015-02-04,62.37,59.22
2015-02-05,63.8,61.57
2015-02-06,63.6,61.97
2015-02-09,63.54,62.82
2015-02-10,63.12,62.25
2015-02-11,63.31,63.4
2015-02-12,63.87,64.25
2015-02-13,64.55,64.8
2015-02-16,65.32,64.85
2015-02-17,63.92,63.45
2015-02-18,62.85,62.57
2015-02-19,61.92,61.7
2015-02-20,62.4,62.17
2015-02-23,61.9,61.52
2015-02-24,62.05,61.07
2015-02-25,62.45,61.72
2015-02-26,62.7,62.12
2015-02-27,64.15,63.4
2015-03-02,63.45,62.57
2015-03-03,63.0,62.0
2015-03-04,62.87,61.7
2015-03-05,61.87,61.22
2015-03-06,60.4,60.0
2015-03-09,60.3,60.28
2015-03-10,59.77,60.08
2015-03-11,59.92,60.22
2015-03-12,59.27,59.32
2015-03-13,59.02,59.4
2015-03-16,58.15,58.3
2015-03-17,58.27,57.88
2015-03-18,58.9,58.15
2015-03-19,58.17,57.35
2015-03-20,57.85,57.52
2015-03-23,58.0,57.68
2015-03-24,58.15,57.53
2015-03-25,58.45,58.12
2015-03-26,59.12,58.72
2015-03-27,59.2,59.15
2015-03-30,58.42,58.85
2015-03-31,57.98,58.48
2015-04-01,57.42,57.42
2015-04-02,56.97,57.15
2015-04-06,56.97,57.15
2015-04-07,56.2,56.45
2015-04-08,56.02,56.2
2015-04-09,56.6,57.32
2015-04-10,56.64,57.95
2015-04-13,56.5,58.7
2015-04-14,57.0,59.0
2015-04-15,57.51,59.17
2015-04-16,57.97,59.62
2015-04-17,57.72,59.4
2015-04-20,57.3,58.95
2015-04-21,57.08,58.75
2015-04-22,56.92,58.05
2015-04-23,56.97,58.07
2015-04-24,57.69,58.62
2015-04-27,57.92,59.15
2015-04-28,57.85,59.07
2015-04-29,58.49,59.45
2015-04-30,58.79,59.42
2015-05-01,59.03,59.05
2015-05-04,59.03,59.05
2015-05-05,58.88,59.02
2015-05-06,58.9,58.67
2015-05-07,58.25,58.07
2015-05-08,58.0,57.82
2015-05-11,58.23,57.97
2015-05-12,58.23,57.65
2015-05-13,58.5,57.77
2015-05-14,58.63,57.47
2015-05-15,58.53,57.37
2015-05-18,58.18,56.88
2015-05-19,57.62,56.4
2015-05-20,57.4,56.3
2015-05-21,57.34,56.2
2015-05-22,57.43,56.47
2015-05-25,57.43,56.47
2015-05-26,57.35,56.75
2015-05-27,57.6,57.32
2015-05-28,57.38,57.35
2015-05-29,58.03,57.9
2015-06-01,57.7,57.2
2015-06-02,58.23,57.77
2015-06-03,58.13,57.42
2015-06-04,57.8,56.97
2015-06-05,57.68,56.87
2015-06-08,57.45,56.77
2015-06-09,57.6,56.9
2015-06-10,57.73,57.02
2015-06-11,58.15,58.07
2015-06-12,58.6,58.82
2015-06-15,58.6,59.12
2015-06-16,58.35,58.72
2015-06-17,58.58,58.92
2015-06-18,58.98,59.15
2015-06-19,58.93,59.02
2015-06-22,59.93,59.92
2015-06-23,59.95,59.85
2015-06-24,59.83,59.45
2015-06-25,60.35,59.55
2015-06-26,60.08,59.22
2015-06-29,59.93,59.15
2015-06-30,60.58,60.22
2015-07-01,60.1,59.87
2015-07-02,59.78,59.55
2015-07-03,59.25,59.0
2015-07-06,58.8,58.37
2015-07-07,58.35,57.97
2015-07-08,58.49,58.17
2015-07-09,58.75,58.5
2015-07-10,58.74,58.6
2015-07-13,58.45,58.47
2015-07-14,58.4,58.57
2015-07-15,58.15,58.42
2015-07-16,57.85,58.15
2015-07-17,57.55,58.05
2015-07-20,57.76,58.27
2015-07-21,57.95,58.57
2015-07-22,57.45,58.42
2015-07-23,57.08,58.12
2015-07-24,57.1,58.12
2015-07-27,56.85,57.88
2015-07-28,56.6,57.62
2015-07-29,56.83,57.45
2015-07-30,56.7,57.58
2015-07-31,55.89,56.82
2015-08-03,55.6,56.25
2015-08-04,56.15,56.85
2015-08-05,55.82,56.87
2015-08-06,55.73,57.2
2015-08-07,54.73,56.22
2015-08-10,54.78,56.52
2015-08-11,54.58,55.72
2015-08-12,54.33,55.47
2015-08-13,54.28,55.5
2015-08-14,54.03,55.17
2015-08-17,53.85,55.0
2015-08-18,53.1,54.55
2015-08-19,52.95,54.32
2015-08-20,52.58,54.17
2015-08-21,52.5,54.17
2015-08-24,51.55,53.67
2015-08-25,51.73,53.9
2015-08-26,51.94,54.3
2015-08-27,52.99,55.3
2015-08-28,53.16,54.95
2015-08-31,53.16,54.95
2015-09-01,52.85,54.27
2015-09-02,52.58,54.2
2015-09-03,53.05,54.72
2015-09-04,52.18,53.72
2015-09-07,50.93,52.6
2015-09-08,51.35,53.02
2015-09-09,51.05,52.67
2015-09-10,51.39,52.97
2015-09-11,51.27,52.9
2015-09-14,51.0,52.55
2015-09-15,50.65,52.3
2015-09-16,51.21,53.47
2015-09-17,51.15,53.42
2015-09-18,50.64,53.0
2015-09-21,50.35,52.82
2015-09-22,50.05,52.45
2015-09-23,50.21,52.57
2015-09-24,50.0,52.37
2015-09-25,49.75,52.25
2015-09-28,48.95,51.57
2015-09-29,48.9,51.67
2015-09-30,48.47,51.05
2015-10-01,48.26,49.72
2015-10-02,48.22,49.55
2015-10-05,49.01,50.57
2015-10-06,49.79,51.5
2015-10-07,49.36,51.05
2015-10-08,48.95,50.72
2015-10-09,49.49,51.02
2015-10-12,48.94,50.62
2015-10-13,48.48,50.27
2015-10-14,48.13,49.9
2015-10-15,48.31,50.12
2015-10-16,48.05,50.3
2015-10-19,47.9,50.17
2015-10-20,47.55,50.37
2015-10-21,47.05,50.3
2015-10-22,46.77,50.37
2015-10-23,46.9,50.62
2015-10-26,47.2,51.32
2015-10-27,47.43,51.88
2015-10-28,47.36,51.78
2015-10-29,47.95,52.38
2015-10-30,47.75,52.52
2015-11-02,47.92,51.15
2015-11-03,48.42,51.4
2015-11-04,47.87,50.62
2015-11-05,47.5,50.55
2015-11-06,47.3,50.7
2015-11-09,46.87,50.52
2015-11-10,46.28,50.32
2015-11-11,45.85,50.31
2015-11-12,45.13,50.19
2015-11-13,45.15,50.26
2015-11-16,45.29,50.36
2015-11-17,45.79,51.24
2015-11-18,45.8,51.65
2015-11-19,46.11,51.8
2015-11-20,45.61,50.75
2015-11-23,45.19,49.88
2015-11-24,45.6,49.95
2015-11-25,45.6,49.85
2015-11-26,45.95,49.62
2015-11-27,46.0,49.68
2015-11-30,45.98,49.48
2015-12-01,45.63,48.05
2015-12-02,44.83,47.12
2015-12-03,45.04,46.9
2015-12-04,45.0,46.58
2015-12-07,44.42,45.78
2015-12-08,44.65,45.98
2015-12-09,44.49,45.82
2015-12-10,44.43,46.0
2015-12-11,43.55,45.6
2015-12-14,43.5,46.12
2015-12-15,43.64,46.47
2015-12-16,43.55,46.65
2015-12-17,43.37,46.4
2015-12-18,43.07,46.12
2015-12-21,42.84,45.92
2015-12-22,43.09,46.3
2015-12-23,43.02,46.45
2015-12-24,43.14,46.58
2015-12-28,43.14,46.58
2015-12-29,43.44,46.85
2015-12-30,43.43,46.97
2015-12-31,43.05,46.9
2016-01-04,40.79,45.72
2016-01-05,40.37,45.88
2016-01-06,40.62,46.68
2016-01-07,40.28,46.85
2016-01-08,39.65,45.55
2016-01-11,39.37,45.02
2016-01-12,38.54,44.68
2016-01-13,38.33,43.92
2016-01-14,38.2,43.8
2016-01-15,37.53,43.12
2016-01-18,37.71,43.15
2016-01-19,38.03,43.53
2016-01-20,37.35,44.25
2016-01-21,37.78,44.78
2016-01-22,39.18,45.2
2016-01-25,38.4,44.48
2016-01-26,38.63,44.55
2016-01-27,39.71,45.15
2016-01-28,39.45,44.95
2016-01-29,39.23,44.58
2016-02-01,38.53,43.45
2016-02-02,38.8,44.25
2016-02-03,38.93,44.6
2016-02-04,38.18,43.62
2016-02-05,37.79,43.07
2016-02-08,37.71,43.02
2016-02-09,36.82,42.42
2016-02-10,36.75,42.32
2016-02-11,36.55,42.32
2016-02-12,37.1,42.7
2016-02-15,36.75,42.6
2016-02-16,36.25,42.25
2016-02-17,36.77,42.77
2016-02-18,37.52,43.35
2016-02-19,38.13,44.12
2016-02-22,38.89,45.62
2016-02-23,38.2,45.42
2016-02-24,37.99,45.02
2016-02-25,37.85,44.45
2016-02-26,37.83,44.2
2016-02-29,37.81,43.92
2016-03-01,37.96,43.75
2016-03-02,37.78,43.52
2016-03-03,38.88,44.9
2016-03-04,39.37,45.27
2016-03-07,40.96,45.85
2016-03-08,40.38,45.12
2016-03-09,40.86,45.45
2016-03-10,40.6,45.17
2016-03-11,40.78,45.0
2016-03-14,39.62,43.97
2016-03-15,39.37,43.87
2016-03-16,39.85,44.75
2016-03-17,41.26,46.2
2016-03-18,41.95,46.17
2016-03-21,41.81,45.7
2016-03-22,40.93,44.62
2016-03-23,40.38,44.07
2016-03-24,40.82,44.25
2016-03-28,40.82,44.25
2016-03-29,40.76,44.17
2016-03-30,41.56,44.42
2016-03-31,42.02,44.92
2016-04-01,41.27,44.55
2016-04-04,40.93,44.1
2016-04-05,40.93,44.07
2016-04-06,41.07,44.0
2016-04-07,40.22,43.2
2016-04-08,41.05,44.15
2016-04-11,41.52,44.42
2016-04-12,41.47,44.4
2016-04-13,41.6,44.42
2016-04-14,42.96,45.9
2016-04-15,43.4,46.5
2016-04-18,44.24,47.35
2016-04-19,44.63,47.75
2016-04-20,44.62,46.78
2016-04-21,45.52,46.32
2016-04-22,45.91,46.42
2016-04-25,45.79,46.25
2016-04-26,46.96,46.68
2016-04-27,47.0,46.3
2016-04-28,46.56,46.03
2016-04-29,46.84,45.98
2016-05-02,46.84,46.32
2016-05-03,46.32,45.82
2016-05-04,46.17,46.17
2016-05-05,46.51,46.87
2016-05-06,46.12,47.52
2016-05-09,45.16,47.47
2016-05-10,45.14,47.77
2016-05-11,45.64,48.57
2016-05-12,45.76,48.55
2016-05-13,45.67,48.57
2016-05-16,46.8,49.3
2016-05-17,46.99,49.27
2016-05-18,47.13,48.77
2016-05-19,46.79,48.47
2016-05-20,46.88,48.37
2016-05-23,46.72,48.02
2016-05-24,46.79,48.6
2016-05-25,47.76,49.57
2016-05-26,48.41,50.05
2016-05-27,48.98,50.85
2016-05-30,48.98,50.85
2016-05-31,49.79,51.07
2016-06-01,50.08,50.55
2016-06-02,51.57,51.37
2016-06-03,53.03,52.45
2016-06-06,54.9,53.92
2016-06-07,54.05,53.07
2016-06-08,52.89,51.95
2016-06-09,52.61,51.47
2016-06-10,51.88,51.07
2016-06-13,51.73,51.17
2016-06-14,52.39,51.92
2016-06-15,52.86,52.62
2016-06-16,53.74,53.57
2016-06-17,55.54,54.65
2016-06-20,58.93,57.82
2016-06-21,55.84,55.62
2016-06-22,57.76,57.35
2016-06-23,57.01,56.47
2016-06-24,54.63,54.7
2016-06-27,53.13,53.17
2016-06-28,53.78,53.77
2016-06-29,54.14,53.97
2016-06-30,55.43,55.27
2016-07-01,57.26,57.82
2016-07-04,58.24,58.45
2016-07-05,57.9,58.02
2016-07-06,57.28,57.67
2016-07-07,58.47,58.92
2016-07-08,57.28,57.72
2016-07-11,56.61,57.72
2016-07-12,58.67,59.72
2016-07-13,59.15,60.5
2016-07-14,59.31,61.05
2016-07-15,59.97,61.35
2016-07-18,59.73,61.05
2016-07-19,59.06,59.5
2016-07-20,58.56,58.92
2016-07-21,58.56,58.95
2016-07-22,58.09,59.12
2016-07-25,58.5,59.32
2016-07-26,59.36,60.2
2016-07-27,60.44,61.25
2016-07-28,60.89,61.85
2016-07-29,61.09,62.1
2016-08-01,61.04,63.0
2016-08-02,60.41,62.72
2016-08-03,59.61,62.05
2016-08-04,57.38,59.75
2016-08-05,55.09,57.67
2016-08-08,57.86,60.47
2016-08-09,58.41,61.35
2016-08-10,56.89,60.32
2016-08-11,58.16,61.77
2016-08-12,59.46,63.37
2016-08-15,58.81,62.9
2016-08-16,58.34,62.47
2016-08-17,58.34,62.85
2016-08-18,56.85,61.72
2016-08-19,55.38,60.3
2016-08-22,55.67,60.5
2016-08-23,56.34,60.32
2016-08-24,56.02,59.85
2016-08-25,56.11,59.75
2016-08-26,56.65,60.6
2016-08-29,56.65,60.6
2016-08-30,57.57,61.65
2016-08-31,57.27,62.07
2016-09-01,57.12,62.25
2016-09-02,57.75,62.97
2016-09-05,58.16,63.35
2016-09-06,58.6,63.6
2016-09-07,56.83,61.75
2016-09-08,55.95,61.1
2016-09-09,55.78,60.97
2016-09-12,55.94,61.17
2016-09-13,56.48,62.02
2016-09-14,56.76,62.57
2016-09-15,57.27,63.35
2016-09-16,57.17,63.32
2016-09-19,57.89,64.1
2016-09-20,57.89,64.1
2016-09-21,58.92,65.5
2016-09-22,58.85,65.9
2016-09-23,59.28,66.2
2016-09-26,60.05,67.02
2016-09-27,59.6,67.3
2016-09-28,62.23,69.9
2016-09-29,63.07,71.3
2016-09-30,61.42,70.12
2016-10-03,63.58,72.37
2016-10-04,63.65,73.57
2016-10-05,63.89,74.05
2016-10-06,64.94,75.8
2016-10-07,63.37,75.27
2016-10-10,61.55,74.07
2016-10-11,59.95,72.6
2016-10-12,61.63,73.75
2016-10-13,62.2,74.47
2016-10-14,63.02,75.72
2016-10-17,64.28,78.2
2016-10-18,66.84,82.62
2016-10-19,63.91,79.72
2016-10-20,63.67,79.4
2016-10-21,65.25,81.12
2016-10-24,66.04,82.95
2016-10-25,65.82,83.6
2016-10-26,66.37,84.22
2016-10-27,65.52,82.27
2016-10-28,65.77,81.38
2016-10-31,68.02,83.87
2016-11-01,70.37,84.82
2016-11-02,70.05,83.72
2016-11-03,72.78,84.7
2016-11-04,73.0,86.02
2016-11-07,74.05,87.82
2016-11-08,72.36,86.2
2016-11-09,73.38,89.18
2016-11-10,71.72,88.43
2016-11-11,69.91,87.6
2016-11-14,66.63,86.05
2016-11-15,65.75,84.42
2016-11-16,63.35,80.4
2016-11-17,62.33,77.45
2016-11-18,60.43,77.4
2016-11-21,62.0,77.4
2016-11-22,64.3,78.72
2016-11-23,62.23,77.05
2016-11-24,62.8,79.47
2016-11-25,62.41,79.65
2016-11-28,64.08,81.37
2016-11-29,63.05,81.52
2016-11-30,64.1,82.7
2016-12-01,63.8,76.22
2016-12-02,62.4,75.05
2016-12-05,60.98,73.62
2016-12-06,57.88,69.17
2016-12-07,57.26,66.85
2016-12-08,59.38,69.12
2016-12-09,60.92,72.5
2016-12-12,62.13,74.47
2016-12-13,62.1,75.15
2016-12-14,63.68,77.28
2016-12-15,64.54,79.53
2016-12-16,64.45,79.22
2016-12-19,64.2,78.9
2016-12-20,64.47,79.08
2016-12-21,65.11,79.53
2016-12-22,65.45,80.38
2016-12-23,65.7,80.41
2016-12-27,65.7,80.41
2016-12-28,66.66,81.61
2016-12-29,67.14,82.76
2016-12-30,67.3,83.24
2017-01-02,63.06,76.81
2017-01-03,60.06,73.81
2017-01-04,60.81,75.03
2017-01-05,62.11,76.28
2017-01-06,60.81,75.68
2017-01-09,59.63,75.06
2017-01-10,63.43,77.82
2017-01-11,65.96,80.25
2017-01-12,66.7,82.55
2017-01-13,65.73,82.25
2017-01-16,64.95,81.85
2017-01-17,68.08,85.42
2017-01-18,66.6,84.65
2017-01-19,65.88,83.4
2017-01-20,66.83,83.8
2017-01-23,68.3,85.05
2017-01-24,66.98,84.42
2017-01-25,64.8,82.3
2017-01-26,63.8,80.6
2017-01-27,62.95,79.22
2017-01-30,64.1,80.42
2017-01-31,65.56,83.07
2017-02-01,65.71,78.9
2017-02-02,66.76,79.8
2017-02-03,65.26,78.75
2017-02-06,64.81,78.55
2017-02-07,65.6,78.55
2017-02-08,65.03,77.85
2017-02-09,65.23,77.62
2017-02-10,64.32,75.82
2017-02-13,63.4,73.8
2017-02-14,63.84,74.17
2017-02-15,65.07,75.42
2017-02-16,65.32,75.92
2017-02-17,65.79,76.75
2017-02-20,67.4,79.57
2017-02-21,66.9,78.97
2017-02-22,66.68,78.6
2017-02-23,67.19,79.25
2017-02-24,66.81,78.25
2017-02-27,66.01,77.2
2017-02-28,65.25,76.47
2017-03-01,66.68,75.1
2017-03-02,65.83,74.2
2017-03-03,65.52,72.9
2017-03-06,65.48,72.87
2017-03-07,63.71,71.87
2017-03-08,63.23,72.17
2017-03-09,62.28,70.92
2017-03-10,63.18,71.37
2017-03-13,63.81,72.2
2017-03-14,63.15,71.1
2017-03-15,63.45,71.47
2017-03-16,63.06,71.12
2017-03-17,63.21,71.37
2017-03-20,62.26,70.6
2017-03-21,61.34,69.97
2017-03-22,60.83,69.2
2017-03-23,62.03,70.47
2017-03-24,62.33,70.2
2017-03-27,61.48,69.15
2017-03-28,63.2,70.5
2017-03-29,64.06,71.3
2017-03-30,64.36,71.6
2017-03-31,64.28,72.47
2017-04-03,66.18,75.85
2017-04-04,65.16,75.55
2017-04-05,65.72,76.12
2017-04-06,66.03,76.5
2017-04-07,65.08,75.45
2017-04-10,63.69,74.0
2017-04-11,63.76,73.07
2017-04-12,63.86,72.75
2017-04-13,64.38,73.4
2017-04-17,64.38,73.4
2017-04-18,64.77,73.72
2017-04-19,64.78,73.65
2017-04-20,65.39,74.2
2017-04-21,65.23,74.3
2017-04-24,64.06,73.45
2017-04-25,63.37,72.77
2017-04-26,64.35,73.5
2017-04-27,65.18,74.05
2017-04-28,65.04,74.15
2017-05-01,65.04,73.6
2017-05-02,65.23,73.35
2017-05-03,64.35,73.2
2017-05-04,63.77,72.57
2017-05-05,64.0,72.47
2017-05-08,62.43,71.37
2017-05-09,62.2,71.02
2017-05-10,62.8,71.62
2017-05-11,61.95,71.02
2017-05-12,62.14,71.3
2017-05-15,62.52,71.55
2017-05-16,62.95,72.52
2017-05-17,64.2,74.12
2017-05-18,63.87,74.7
2017-05-19,64.32,75.42
2017-05-22,65.79,76.72
2017-05-23,65.54,76.62
2017-05-24,64.83,76.07
2017-05-25,64.62,75.92
2017-05-26,64.59,75.77
2017-05-29,64.59,75.77
2017-05-30,66.15,77.3
2017-05-31,64.81,76.2
2017-06-01,65.03,75.97
2017-06-02,65.6,76.57
2017-06-05,66.55,77.42
2017-06-06,66.15,76.77
2017-06-07,65.96,76.65
2017-06-08,66.82,77.8
2017-06-09,66.45,77.77
2017-06-12,66.04,77.49
2017-06-13,66.16,77.52
2017-06-14,66.3,77.19
2017-06-15,66.51,77.57
2017-06-16,66.62,77.82
2017-06-19,67.64,78.89
2017-06-20,67.57,78.79
2017-06-21,67.33,78.57
2017-06-22,67.0,78.29
2017-06-23,66.65,78.19
2017-06-26,66.62,78.24
2017-06-27,67.58,79.02
2017-06-28,68.31,79.72
2017-06-29,67.68,78.89
2017-06-30,68.16,79.07
2017-07-03,69.08,79.49
2017-07-04,69.65,80.24
2017-07-05,70.13,81.42
2017-07-06,70.72,82.92
2017-07-07,70.52,82.62
2017-07-10,69.68,81.99
2017-07-11,69.31,81.82
2017-07-12,69.1,81.67
2017-07-13,68.73,80.89
2017-07-14,69.0,81.22
2017-07-17,70.1,81.37
2017-07-18,71.02,81.84
2017-07-19,71.06,81.79
2017-07-20,71.18,81.92
2017-07-21,71.47,82.39
2017-07-24,70.19,81.37
2017-07-25,70.87,82.07
2017-07-26,70.93,81.99
2017-07-27,71.03,81.45
2017-07-28,72.17,82.07
2017-07-31,72.86,82.95
2017-08-01,71.63,81.28
2017-08-02,71.49,81.13
2017-08-03,71.86,81.71
2017-08-04,72.69,82.68
2017-08-07,73.03,83.31
2017-08-08,72.06,82.68
2017-08-09,73.18,83.45
2017-08-10,73.96,84.17
2017-08-11,74.58,85.02
2017-08-14,75.16,85.7
2017-08-15,74.17,84.78
2017-08-16,75.13,85.58
2017-08-17,75.84,86.09
2017-08-18,75.7,86.08
2017-08-21,75.09,85.8
2017-08-22,75.06,86.0
2017-08-23,75.33,86.4
2017-08-24,75.75,87.15
2017-08-25,76.07,87.95
2017-08-28,76.32,88.2
2017-08-29,76.29,88.66
2017-08-30,75.94,88.24
2017-08-31,74.8,86.99
2017-09-01,75.13,85.8
2017-09-04,75.99,86.42
2017-09-05,77.21,87.47
2017-09-06,76.85,87.48
2017-09-07,76.76,87.55
2017-09-08,77.68,88.38
2017-09-11,78.35,89.27
2017-09-12,78.03,89.25
2017-09-13,79.56,90.97
2017-09-14,80.24,92.42
2017-09-15,79.5,92.05
2017-09-18,78.82,91.87
2017-09-19,80.69,93.44
2017-09-20,80.95,93.54
2017-09-21,78.84,91.65
2017-09-22,78.78,91.62
2017-09-25,80.4,92.55
2017-09-26,78.85,90.98
2017-09-27,78.36,90.32
2017-09-28,76.4,89.2
2017-09-29,74.23,87.9
2017-10-02,75.75,88.18
2017-10-03,76.69,89.21
2017-10-04,77.63,90.25
2017-10-05,77.48,89.87
2017-10-06,76.43,88.48
2017-10-09,76.22,88.58
2017-10-10,77.55,89.15
2017-10-11,78.65,89.98
2017-10-12,79.82,90.77
2017-10-13,80.57,91.3
2017-10-16,81.95,92.48
2017-10-17,81.36,92.85
2017-10-18,82.01,93.93
2017-10-19,80.13,92.28
2017-10-20,79.86,92.18
2017-10-23,79.35,90.95
2017-10-24,80.37,91.38
2017-10-25,81.18,91.7
2017-10-26,81.23,91.62
2017-10-27,82.07,92.18
2017-10-30,82.23,92.78
2017-10-31,83.75,94.22
2017-11-01,84.58,93.9
2017-11-02,84.38,93.5
2017-11-03,82.89,92.22
2017-11-06,84.03,93.12
2017-11-07,83.64,92.6
2017-11-08,83.3,92.2
2017-11-09,83.0,91.71
2017-11-10,84.11,92.71
2017-11-13,83.98,92.72
2017-11-14,82.37,90.88
2017-11-15,82.15,90.8
2017-11-16,80.83,89.42
2017-11-17,80.03,88.32
2017-11-20,81.5,89.82
2017-11-21,81.45,89.95
2017-11-22,80.62,89.22
2017-11-23,81.72,90.1
2017-11-24,83.31,91.4
2017-11-27,82.83,90.82
2017-11-28,82.64,90.82
2017-11-29,83.2,91.7
2017-11-30,82.57,91.35
2017-12-01,82.6,89.35
2017-12-04,83.7,90.67
2017-12-05,83.0,90.65
2017-12-06,83.1,91.1
2017-12-07,83.66,91.45
2017-12-08,84.56,92.52
2017-12-11,85.74,93.86
2017-12-12,86.28,95.0
2017-12-13,85.45,94.0
2017-12-14,86.53,94.45
2017-12-15,86.95,94.48
2017-12-18,87.33,94.95
2017-12-19,86.81,94.1
2017-12-20,86.91,94.38
2017-12-21,86.59,94.15
2017-12-22,86.68,94.1
2017-12-26,86.68,94.1
2017-12-27,86.8,94.22
2017-12-28,87.53,94.72
2017-12-29,87.81,95.05
2018-01-02,83.87,94.65
2018-01-03,83.76,94.3
2018-01-04,83.53,93.78
2018-01-05,84.11,94.28
2018-01-08,83.54,94.3
2018-01-09,83.39,94.0
2018-01-10,82.69,93.68
2018-01-11,82.16,93.45
2018-01-12,82.91,93.85
2018-01-15,83.51,93.52
2018-01-16,83.17,93.5
2018-01-17,82.54,92.92
2018-01-18,83.24,92.0
2018-01-19,83.57,92.2
2018-01-22,83.85,93.07
2018-01-23,83.85,92.57
2018-01-24,83.66,92.05
2018-01-25,85.65,92.2
2018-01-26,85.77,92.22
2018-01-29,84.58,90.88
2018-01-30,82.27,90.48
2018-01-31,80.69,88.92
2018-02-01,79.81,86.29
2018-02-02,81.2,86.71
2018-02-05,80.55,85.49
2018-02-06,78.98,83.62
2018-02-07,79.2,83.96
2018-02-08,76.15,81.2
2018-02-09,74.19,79.12
2018-02-12,75.9,79.9
2018-02-13,78.02,82.78
2018-02-14,78.59,83.13
2018-02-15,77.93,82.47
2018-02-16,78.96,82.62
2018-02-19,81.06,84.99
2018-02-20,81.11,86.38
2018-02-21,79.68,85.88
2018-02-22,80.51,87.0
2018-02-23,80.33,86.98
2018-02-26,77.83,83.68
2018-02-27,77.62,82.18
2018-02-28,77.2,81.65
2018-03-01,75.44,80.23
2018-03-02,76.08,80.02
2018-03-05,77.13,81.66
2018-03-06,77.15,82.16
2018-03-07,76.94,82.19
2018-03-08,75.24,81.65
2018-03-09,75.66,81.85
2018-03-12,74.06,81.32
2018-03-13,74.78,82.34
2018-03-14,73.78,80.99
2018-03-15,73.68,80.52
2018-03-16,72.78,79.62
2018-03-19,71.75,78.76
2018-03-20,73.63,80.63
2018-03-21,73.18,80.32
2018-03-22,71.89,79.43
2018-03-23,71.54,78.58
2018-03-26,71.24,78.05
2018-03-27,72.29,78.3
2018-03-28,73.02,78.4
2018-03-29,74.18,79.2
2018-04-02,74.18,79.4
2018-04-03,74.73,80.7
2018-04-04,74.38,80.25
2018-04-05,75.24,81.25
2018-04-06,75.78,81.7
2018-04-09,77.55,82.95
2018-04-10,78.32,83.4
2018-04-11,79.79,84.07
2018-04-12,79.95,83.98
2018-04-13,80.26,83.85
2018-04-16,81.57,84.55
2018-04-17,78.96,82.32
2018-04-18,80.44,83.22
2018-04-19,81.53,84.28
2018-04-20,81.73,84.58
2018-04-23,82.3,85.2
2018-04-24,81.55,84.08
2018-04-25,82.35,84.8
2018-04-26,82.78,85.05
2018-04-27,83.35,85.5
2018-04-30,84.02,86.08
2018-05-01,83.8,87.48
2018-05-02,82.2,86.25
2018-05-03,82.42,86.45
2018-05-04,83.33,86.78
2018-05-07,84.13,86.78
2018-05-08,83.43,87.8
2018-05-09,84.33,88.9
2018-05-10,85.03,89.8
2018-05-11,86.43,91.0
2018-05-14,88.32,92.88
2018-05-15,87.38,92.95
2018-05-16,87.05,93.05
2018-05-17,88.65,94.0
2018-05-18,86.5,92.62
2018-05-21,87.23,93.25
2018-05-22,87.53,93.1
2018-05-23,86.48,92.25
2018-05-24,86.58,92.38
2018-05-25,84.3,91.72
2018-05-28,84.8,92.22
2018-05-29,85.57,94.28
2018-05-30,85.83,95.58
2018-05-31,84.83,94.92
2018-06-01,85.03,95.07
2018-06-04,86.54,95.68
2018-06-05,85.28,94.78
2018-06-06,84.72,94.35
2018-06-07,85.61,95.1
2018-06-08,85.89,95.25
2018-06-11,86.05,96.18
2018-06-12,87.41,97.68
2018-06-13,86.92,97.12
2018-06-14,86.81,97.43
2018-06-15,86.13,97.12
2018-06-18,86.28,97.72
2018-06-19,85.61,97.76
2018-06-20,84.39,96.12
2018-06-21,82.04,93.75
2018-06-22,82.01,93.82
2018-06-25,83.25,94.95
2018-06-26,84.15,95.32
2018-06-27,85.82,96.57
2018-06-28,85.45,96.25
2018-06-29,87.13,97.8
2018-07-02,87.56,97.78
2018-07-03,88.47,98.32
2018-07-04,89.08,98.62
2018-07-05,88.68,98.85
2018-07-06,88.26,98.62
2018-07-09,90.21,100.82
2018-07-10,90.23,101.22
2018-07-11,90.31,101.88
2018-07-12,87.68,100.35
2018-07-13,86.46,99.15
2018-07-16,84.63,98.2
2018-07-17,83.9,97.8
2018-07-18,86.47,100.0
2018-07-19,85.13,98.9
2018-07-20,82.95,96.5
2018-07-23,84.18,96.45
2018-07-24,84.83,96.42
2018-07-25,84.71,96.0
2018-07-26,83.71,94.9
2018-07-27,83.87,94.6
2018-07-30,83.93,94.52
2018-07-31,84.15,94.75
2018-08-01,83.23,93.75
2018-08-02,82.92,93.28
2018-08-03,83.1,92.98
2018-08-06,84.78,94.93
2018-08-07,85.34,96.05
2018-08-08,83.71,95.18
2018-08-09,84.08,95.35
2018-08-10,84.64,95.88
2018-08-13,85.36,97.28
2018-08-14,85.95,98.5
2018-08-15,84.92,97.32
2018-08-16,85.25,97.42
2018-08-17,86.48,98.7
2018-08-20,86.43,98.55
2018-08-21,85.88,97.78
2018-08-22,85.8,96.12
2018-08-23,86.4,96.35
2018-08-24,87.37,97.43
2018-08-27,87.62,98.0
2018-08-28,88.53,99.75
2018-08-29,89.73,100.82
2018-08-30,87.63,98.48
2018-08-31,88.38,98.55
2018-09-03,89.13,98.68
2018-09-04,90.37,100.22
2018-09-05,91.93,101.3
2018-09-06,91.56,100.4
2018-09-07,90.86,99.38
2018-09-10,92.41,100.12
2018-09-11,93.36,101.1
2018-09-12,92.4,100.45
2018-09-13,91.83,100.32
2018-09-14,91.05,99.38
2018-09-17,92.39,99.65
2018-09-18,92.35,98.58
2018-09-19,94.15,100.88
2018-09-20,94.48,99.95
2018-09-21,94.57,100.82
2018-09-24,95.51,101.8
2018-09-25,94.53,102.3
2018-09-26,94.53,102.32
2018-09-27,94.02,101.08
2018-09-28,95.02,101.25
2018-10-01,96.27,102.48
2018-10-02,96.06,102.2
2018-10-03,97.29,101.58
2018-10-04,97.68,101.95
2018-10-05,97.48,102.08
2018-10-08,96.71,101.78
2018-10-09,95.29,101.02
2018-10-10,93.3,99.55
2018-10-11,92.26,98.1
2018-10-12,93.3,98.45
2018-10-15,93.13,98.18
2018-10-16,94.32,98.48
2018-10-17,94.16,99.02
2018-10-18,95.28,100.2
2018-10-19,96.33,102.05
2018-10-22,96.21,101.5
2018-10-23,95.57,100.92
2018-10-24,95.41,100.95
2018-10-25,94.6,100.18
2018-10-26,93.43,98.98
2018-10-29,94.28,99.45
2018-10-30,93.83,98.6
2018-10-31,92.98,97.52
2018-11-01,90.53,94.18
2018-11-02,91.4,94.98
2018-11-05,89.31,93.15
2018-11-06,88.21,91.78
2018-11-07,90.43,93.35
2018-11-08,88.25,91.12
2018-11-09,87.4,89.65
2018-11-12,89.45,91.35
2018-11-13,87.76,89.58
2018-11-14,85.52,86.92
2018-11-15,86.84,88.1
2018-11-16,84.47,85.8
2018-11-19,83.54,84.15
2018-11-20,82.88,83.22
2018-11-21,83.0,83.05
2018-11-22,83.4,83.42
2018-11-23,82.92,83.1
2018-11-26,83.98,83.72
2018-11-27,84.55,84.35
2018-11-28,84.28,84.6
2018-11-29,84.83,85.87
2018-11-30,85.0,86.27
2018-12-03,84.55,86.17
2018-12-04,84.76,86.15
2018-12-05,84.54,86.55
2018-12-06,84.94,86.9
2018-12-07,85.72,87.1
2018-12-10,85.88,87.12
2018-12-11,86.33,87.75
2018-12-12,87.4,89.0
2018-12-13,87.69,89.62
2018-12-14,88.15,90.35
2018-12-17,88.45,90.72
2018-12-18,87.61,89.74
2018-12-19,87.33,89.3
2018-12-20,86.79,88.7
2018-12-21,86.48,88.48
2018-12-24,86.26,88.25
2018-12-26,86.01,88.0
2018-12-27,84.94,86.68
2018-12-28,85.19,86.28
2018-12-31,84.83,86.4
2019-01-02,81.08,84.98
2019-01-03,78.88,83.08
2019-01-04,79.48,82.88
2019-01-07,78.03,80.68
2019-01-08,79.08,81.42
2019-01-09,79.4,81.6
2019-01-10,80.4,82.0
2019-01-11,81.33,82.52
2019-01-14,80.58,81.5
2019-01-15,81.73,82.62
2019-01-16,83.58,84.18
2019-01-17,84.95,85.82
2019-01-18,85.68,85.9
2019-01-21,84.25,81.85
2019-01-22,85.4,82.02
2019-01-23,85.25,82.48
2019-01-24,83.35,80.28
2019-01-25,84.08,80.38
2019-01-28,83.42,79.65
2019-01-29,83.98,80.2
2019-01-30,85.27,80.47
2019-01-31,84.33,79.7
2019-02-01,82.5,78.78
2019-02-04,81.08,77.2
2019-02-05,79.83,76.28
2019-02-06,80.7,77.45
2019-02-07,78.38,74.5
2019-02-08,76.85,72.45
2019-02-11,76.43,72.3
2019-02-12,75.55,71.7
2019-02-13,77.88,73.62
2019-02-14,76.63,73.03
2019-02-15,78.3,74.72
2019-02-18,77.98,73.75
2019-02-19,78.08,73.52
2019-02-20,79.5,74.82
2019-02-21,78.03,73.65
2019-02-22,77.23,73.47
2019-02-25,77.1,73.72
2019-02-26,77.75,74.4
2019-02-27,79.28,75.35
2019-02-28,80.0,75.32
2019-03-01,79.48,75.82
2019-03-04,80.55,76.07
2019-03-05,78.38,75.25
2019-03-06,76.75,73.3
2019-03-07,77.3,73.35
2019-03-08,75.55,71.82
2019-03-11,74.75,71.68
2019-03-12,75.15,72.15
2019-03-13,74.0,71.03
2019-03-14,74.51,71.4
2019-03-15,73.1,70.03
2019-03-18,73.88,70.18
2019-03-19,72.98,69.1
2019-03-20,73.68,69.37
2019-03-21,73.0,67.82
2019-03-22,73.1,66.75
2019-03-25,73.45,66.25
2019-03-26,74.75,65.75
2019-03-27,74.2,64.47
2019-03-28,73.98,63.85
2019-03-29,73.35,62.9
2019-04-01,73.1,61.9
2019-04-02,72.2,59.65
2019-04-03,72.27,58.1
2019-04-04,74.02,59.57
2019-04-05,76.75,61.82
2019-04-08,76.05,63.37
2019-04-09,77.4,65.08
2019-04-10,75.57,64.3
2019-04-11,76.35,65.95
2019-04-12,76.15,66.1
2019-04-15,75.22,64.0
2019-04-16,74.7,63.78
2019-04-17,75.92,65.37
2019-04-18,74.62,63.78
2019-04-22,74.77,63.72
2019-04-23,74.81,63.29
2019-04-24,72.84,61.14
2019-04-25,72.14,60.23
2019-04-26,71.82,59.91
2019-04-29,71.31,59.74
2019-04-30,71.62,60.02
2019-05-01,69.99,60.74
2019-05-02,71.04,61.53
2019-05-03,75.01,62.96
2019-05-06,72.62,64.25
2019-05-07,74.31,62.69
2019-05-08,72.07,63.54
2019-05-09,71.18,62.76
2019-05-10,71.15,62.04
2019-05-13,70.06,61.23
2019-05-14,73.92,61.66
2019-05-15,71.76,61.54
2019-05-16,70.23,60.24
2019-05-17,69.73,59.49
2019-05-20,71.02,58.23
2019-05-21,71.75,58.61
2019-05-22,69.58,58.34
2019-05-23,68.56,57.45
2019-05-24,69.83,57.08
2019-05-27,67.94,57.0
2019-05-28,68.08,56.16
2019-05-29,67.84,55.32
2019-05-30,66.36,53.44
2019-05-31,65.54,53.72
2019-06-03,64.84,53.48
2019-06-04,68.07,54.23
2019-06-05,65.38,53.69
2019-06-06,65.61,53.98
2019-06-07,68.23,54.81
2019-06-10,67.82,56.15
2019-06-11,66.36,53.73
2019-06-12,64.91,53.04
2019-06-13,65.48,52.79
2019-06-14,64.86,51.88
2019-06-17,64.41,50.83
2019-06-18,66.53,50.48
2019-06-19,63.48,50.02
2019-06-20,64.99,50.55
2019-06-21,65.96,50.67
2019-06-24,66.14,50.34
2019-06-25,65.63,50.16
2019-06-26,68.13,50.39
2019-06-27,65.64,49.93
2019-06-28,65.9,50.35
2019-07-01,65.87,53.29
2019-07-02,65.08,53.44
2019-07-03,65.21,54.58
2019-07-04,67.69,56.39
2019-07-05,68.62,58.26
2019-07-08,69.28,59.89
2019-07-09,68.08,58.0
2019-07-10,69.88,59.99
2019-07-11,69.94,60.98
2019-07-12,69.69,60.49
2019-07-15,69.41,60.24
2019-07-16,68.38,59.26
2019-07-17,70.93,59.58
2019-07-18,69.28,59.96
2019-07-19,71.09,62.44
2019-07-22,71.32,61.23
2019-07-23,71.79,62.39
2019-07-24,70.39,61.86
2019-07-25,72.42,61.74
2019-07-26,69.31,60.27
2019-07-29,68.49,58.5
2019-07-30,68.48,58.31
2019-07-31,68.37,58.32
2019-08-01,69.6,59.66
2019-08-02,69.01,59.54
2019-08-05,67.78,58.38
2019-08-06,66.89,57.15
2019-08-07,66.36,57.0
2019-08-08,66.58,57.56
2019-08-09,65.94,57.58
2019-08-12,65.58,57.84
2019-08-13,66.62,58.78
2019-08-14,65.98,58.76
2019-08-15,65.15,58.21
2019-08-16,64.92,57.88
2019-08-19,64.65,57.19
2019-08-20,65.78,56.78
2019-08-21,64.58,55.96
2019-08-22,64.57,56.09
2019-08-23,65.53,55.09
2019-08-26,65.3,55.42
2019-08-27,63.86,53.39
2019-08-28,64.83,52.78
2019-08-29,65.29,54.14
2019-08-30,64.93,55.01
2019-09-02,65.71,57.25
2019-09-03,65.39,58.52
2019-09-04,65.28,58.32
2019-09-05,66.91,58.54
2019-09-06,66.69,58.83
2019-09-09,67.09,59.74
2019-09-10,69.29,62.47
2019-09-11,68.8,63.09
2019-09-12,69.11,63.24
2019-09-13,69.29,63.08
2019-09-16,71.52,64.94
2019-09-17,70.5,64.0
2019-09-18,70.76,62.74
2019-09-19,70.71,63.34
2019-09-20,71.28,63.49
2019-09-23,70.06,62.26
2019-09-24,68.63,61.13
2019-09-25,67.26,59.03
2019-09-26,67.58,59.64
2019-09-27,67.76,59.91
2019-09-30,66.81,60.82
2019-10-01,67.01,61.59
2019-10-02,66.19,61.31
2019-10-03,65.99,61.04
2019-10-04,66.79,61.26
2019-10-07,67.72,62.03
2019-10-08,68.61,62.81
2019-10-09,70.26,62.88
2019-10-10,69.28,62.44
2019-10-11,70.24,62.63
2019-10-14,71.06,62.74
2019-10-15,70.09,62.38
2019-10-16,69.98,61.55
2019-10-17,69.18,61.29
2019-10-18,69.33,61.16
2019-10-21,69.46,60.92
2019-10-22,68.43,60.38
2019-10-23,67.57,58.87
2019-10-24,67.56,58.89
2019-10-25,66.58,58.19
2019-10-28,65.85,56.91
2019-10-29,67.16,57.01
2019-10-30,65.29,56.92
2019-10-31,65.07,57.02
2019-11-01,66.82,59.12
2019-11-04,65.64,58.63
2019-11-05,66.12,58.81
2019-11-06,65.24,58.28
2019-11-07,67.52,58.18
2019-11-08,64.72,57.74
2019-11-11,64.03,56.51
2019-11-12,64.55,57.04
2019-11-13,64.79,57.17
2019-11-14,65.3,57.44
2019-11-15,67.49,57.88
2019-11-18,64.44,56.68
2019-11-19,68.53,57.33
2019-11-20,65.6,58.39
2019-11-21,65.92,59.16
2019-11-22,66.13,59.58
2019-11-25,65.76,59.56
2019-11-26,65.48,59.31
2019-11-27,65.6,59.45
2019-11-28,65.11,58.94
2019-11-29,64.86,59.17
2019-12-02,64.39,59.38
2019-12-03,64.02,58.94
2019-12-04,67.34,58.23
2019-12-05,63.12,57.78
2019-12-06,61.96,56.49
2019-12-09,61.43,55.94
2019-12-10,61.04,55.2
2019-12-11,61.02,55.08
2019-12-12,66.46,55.88
2019-12-13,60.9,55.45
2019-12-16,60.9,55.02
2019-12-17,61.17,55.56
2019-12-18,60.88,54.79
2019-12-19,64.54,54.52
2019-12-20,59.65,53.24
2019-12-23,58.99,53.35
2019-12-24,58.84,53.72
2019-12-26,59.76,53.72
2019-12-27,59.08,54.28
2019-12-30,58.25,53.21
2019-12-31,59.35,53.4
2020-01-02,64.21,54.22
2020-01-03,64.49,54.6
2020-01-06,64.82,54.23
2020-01-07,65.7,54.2
2020-01-08,69.43,54.24
2020-01-09,66.22,54.34
2020-01-10,66.25,54.53
2020-01-13,71.43,55.44
2020-01-14,65.28,53.76
2020-01-15,68.21,53.34
2020-01-16,63.64,51.02
2020-01-17,62.41,51.06
2020-01-20,61.64,49.48
2020-01-21,62.23,49.54
2020-01-22,61.86,49.56
2020-01-23,62.17,49.97
2020-01-24,62.48,50.28
2020-01-27,62.81,50.41
2020-01-28,63.8,50.48
2020-01-29,62.9,49.51
2020-01-30,61.4,48.65
2020-01-31,64.76,48.5
2020-02-03,61.12,48.38
2020-02-04,62.25,50.13
2020-02-05,63.13,51.27
2020-02-06,62.25,50.18
2020-02-07,61.18,49.63
2020-02-10,60.28,48.22
2020-02-11,61.16,49.25
2020-02-12,61.43,49.68
2020-02-13,62.47,51.38
2020-02-14,62.72,52.3
2020-02-17,63.1,52.12
2020-02-18,61.56,50.18
2020-02-19,61.32,49.37
2020-02-20,60.58,48.94
2020-02-21,64.43,48.05
2020-02-24,59.43,47.41
2020-02-25,59.44,47.7
2020-02-26,59.53,47.57
2020-02-27,58.96,47.22
2020-02-28,59.06,47.26
2020-03-02,59.03,47.94
2020-03-03,59.58,47.83
2020-03-04,59.42,47.97
2020-03-05,59.62,48.62
2020-03-06,58.61,48.18
2020-03-09,57.07,47.43
2020-03-10,57.87,47.76
2020-03-11,57.86,47.75
2020-03-12,56.87,47.58
2020-03-13,60.72,48.52
2020-03-16,57.67,48.46
2020-03-17,57.66,49.31
2020-03-18,57.47,50.06
2020-03-19,56.59,49.56
2020-03-20,57.19,50.36
2020-03-23,56.79,49.93
2020-03-24,60.78,51.66
2020-03-25,59.71,54.53
2020-03-26,59.19,54.09
2020-03-27,63.6,52.66
2020-03-30,57.06,51.19
2020-03-31,56.87,49.85
2020-04-01,56.14,50.06
2020-04-02,56.31,48.73
2020-04-03,56.15,46.79
2020-04-06,57.32,46.97
2020-04-07,57.93,47.81
2020-04-08,61.88,47.59
2020-04-09,57.75,47.96
2020-04-13,58.65,47.8
2020-04-14,56.45,46.91
2020-04-15,56.2,45.43
2020-04-16,56.73,45.52
2020-04-17,59.79,46.41
2020-04-20,57.0,45.45
2020-04-21,56.0,43.4
2020-04-22,55.87,42.56
2020-04-23,58.49,42.38
2020-04-24,55.47,41.65
2020-04-27,54.49,40.01
2020-04-28,54.56,39.04
2020-04-29,54.96,39.72
2020-04-30,55.17,40.87
2020-05-01,70.28,41.72
2020-05-04,54.3,42.06
2020-05-05,54.91,42.71
2020-05-06,55.02,43.45
2020-05-07,55.33,43.61
2020-05-08,58.52,43.63
2020-05-11,55.73,43.2
2020-05-12,54.97,42.18
2020-05-13,54.85,42.5
2020-05-14,58.46,42.55
2020-05-15,54.75,42.34
2020-05-18,54.88,42.3
2020-05-19,54.63,42.17
2020-05-20,54.71,42.43
2020-05-21,54.22,41.91
2020-05-22,53.89,42.03
2020-05-25,55.08,42.01
2020-05-26,54.36,42.21
2020-05-27,54.25,42.38
2020-05-28,57.44,42.58
2020-05-29,54.0,42.61
2020-06-01,54.66,45.0
2020-06-02,56.04,47.75
2020-06-03,56.46,47.81
2020-06-04,56.49,47.26
2020-06-05,60.37,47.81
2020-06-08,56.84,47.36
2020-06-09,56.74,46.87
2020-06-10,56.47,45.84
2020-06-11,55.9,45.29
2020-06-12,58.89,45.33
2020-06-15,55.99,46.12
2020-06-16,56.22,46.04
2020-06-17,55.76,45.21
2020-06-18,56.34,45.61
2020-06-19,56.58,46.33
2020-06-22,56.85,46.92
2020-06-23,60.61,47.91
2020-06-24,58.08,48.66
2020-06-25,58.63,48.9
2020-06-26,59.49,49.83
2020-06-29,62.62,50.28
2020-06-30,59.67,50.42
2020-07-01,59.3,51.34
2020-07-02,60.1,52.52
2020-07-03,59.25,51.49
2020-07-06,60.49,52.76
2020-07-07,60.97,52.57
2020-07-08,59.96,51.9
2020-07-09,59.65,50.41
2020-07-10,60.92,49.54
2020-07-13,60.16,49.36
2020-07-14,60.75,49.42
2020-07-15,62.06,49.93
2020-07-16,61.1,49.45
2020-07-17,63.4,50.11
2020-07-20,60.92,49.93
2020-07-21,62.54,51.21
2020-07-22,62.4,51.79
2020-07-23,63.14,51.63
2020-07-24,61.32,51.59
2020-07-27,60.8,50.2
2020-07-28,60.83,50.58
2020-07-29,61.41,51.23
2020-07-30,61.38,51.8
2020-07-31,61.7,52.45
2020-08-03,61.31,53.16
2020-08-04,61.46,53.32
2020-08-05,61.36,53.03
2020-08-06,62.49,52.54
2020-08-07,61.31,52.65
2020-08-10,60.6,52.63
2020-08-11,59.4,50.73
2020-08-12,58.57,49.72
2020-08-13,58.44,49.56
2020-08-14,57.87,49.14
2020-08-17,57.53,48.95
2020-08-18,57.96,49.08
2020-08-19,60.34,48.66
2020-08-20,56.72,48.51
2020-08-21,58.86,47.63
2020-08-24,55.69,48.31
2020-08-25,56.05,48.66
2020-08-26,59.47,49.13
2020-08-27,57.63,50.42
2020-08-28,58.68,52.11
2020-08-31,59.99,53.15
2020-09-01,59.33,53.98
2020-09-02,58.12,53.13
2020-09-03,58.12,52.56
2020-09-04,57.85,52.46
2020-09-07,56.99,51.89
2020-09-08,57.94,52.58
2020-09-09,57.96,52.41
2020-09-10,58.4,53.03
2020-09-11,60.87,53.43
2020-09-14,59.19,53.91
2020-09-15,58.91,53.64
2020-09-16,59.74,54.14
2020-09-17,59.51,53.72
2020-09-18,59.62,53.65
2020-09-21,59.08,53.53
2020-09-22,59.39,53.68
2020-09-23,59.93,54.29
2020-09-24,61.38,56.08
2020-09-25,63.0,55.84
2020-09-28,61.52,57.44
2020-09-29,61.11,57.39
2020-09-30,61.14,57.55
2020-10-01,61.03,58.56
2020-10-02,62.21,57.14
2020-10-05,60.08,57.91
2020-10-06,60.51,58.36
2020-10-07,60.48,58.38
2020-10-08,60.69,58.59
2020-10-09,60.63,58.28
2020-10-12,59.65,56.66
2020-10-13,59.31,56.48
2020-10-14,59.74,57.29
2020-10-15,59.73,57.16
2020-10-16,61.96,57.58
2020-10-19,61.24,58.14
2020-10-20,60.71,58.09
2020-10-21,59.93,57.08
2020-10-22,60.32,57.09
2020-10-23,61.89,56.98
2020-10-26,59.41,56.02
2020-10-27,58.86,55.92
2020-10-28,58.53,54.88
2020-10-29,56.96,53.22
2020-10-30,55.63,51.97
2020-11-02,55.07,51.88
2020-11-03,55.3,51.98
2020-11-04,54.8,51.73
2020-11-05,55.94,52.87
2020-11-06,58.36,52.03
2020-11-09,54.08,53.43
2020-11-10,55.3,53.07
2020-11-11,56.33,52.3
2020-11-12,57.3,54.89
2020-11-13,60.68,55.01
2020-11-16,57.52,55.35
2020-11-17,56.41,54.67
2020-11-18,56.37,54.69
2020-11-19,55.67,53.5
2020-11-20,55.59,54.1
2020-11-23,56.16,55.23
2020-11-24,58.16,57.88
2020-11-25,59.36,58.74
2020-11-26,60.34,59.21
2020-11-27,60.83,59.66
2020-11-30,62.06,61.28
2020-12-01,61.57,61.09
2020-12-02,61.96,61.83
2020-12-03,61.93,61.79
2020-12-04,62.96,63.61
2020-12-07,63.21,62.92
2020-12-08,67.92,63.28
2020-12-09,64.06,63.83
2020-12-10,64.89,64.86
2020-12-11,69.37,65.59
2020-12-14,66.54,67.5
2020-12-15,67.68,69.38
2020-12-16,67.09,68.1
2020-12-17,67.23,68.44
2020-12-18,67.3,68.34
2020-12-21,68.61,69.85
2020-12-22,69.13,69.88
2020-12-23,69.53,69.81
2020-12-24,73.77,69.89
2020-12-28,71.65,71.58
2020-12-29,70.42,69.97
2020-12-30,69.7,69.3
2020-12-31,69.72,68.97
2021-01-04,72.39,70.11
2021-01-05,69.7,66.53
2021-01-06,69.14,63.88
2021-01-07,70.42,66.93
2021-01-08,71.18,68.46
2021-01-11,71.66,69.86
2021-01-12,73.8,72.54
2021-01-13,72.87,72.16
2021-01-14,72.13,71.53
2021-01-15,69.39,69.34
2021-01-18,68.39,67.03
2021-01-19,68.77,66.28
2021-01-20,68.51,66.75
2021-01-21,67.74,66.2
2021-01-22,67.06,66.64
2021-01-25,66.51,66.46
2021-01-26,66.86,67.31
2021-01-27,68.71,68.56
2021-01-28,69.28,69.39
2021-01-29,68.92,69.41
2021-02-01,66.08,65.93
2021-02-02,65.96,64.83
2021-02-03,64.42,62.88
2021-02-04,65.34,63.83
2021-02-05,65.5,65.72
2021-02-08,66.54,67.73
2021-02-09,67.03,69.03
2021-02-10,66.52,67.89
2021-02-11,66.1,67.04
2021-02-12,65.69,66.39
2021-02-15,63.88,63.09
2021-02-16,63.84,63.03
2021-02-17,63.7,62.34
2021-02-18,64.81,63.14
2021-02-19,65.34,64.28
2021-02-22,66.36,63.71
2021-02-23,66.99,63.79
2021-02-24,68.15,64.18
2021-02-25,68.26,64.16
2021-02-26,68.29,65.31
2021-03-01,68.82,64.96
2021-03-02,69.56,65.58
2021-03-03,69.04,65.35
2021-03-04,68.07,64.58
2021-03-05,67.98,63.75
2021-03-08,67.19,62.49
2021-03-09,68.15,63.38
2021-03-10,68.73,64.55
2021-03-11,68.42,64.66
2021-03-12,68.74,65.29
2021-03-15,69.0,65.58
2021-03-16,68.73,65.38
2021-03-17,70.83,68.0
2021-03-18,70.52,67.85
2021-03-19,70.84,68.34
2021-03-22,72.44,70.62
2021-03-23,71.68,69.81
2021-03-24,71.76,70.11
2021-03-25,71.43,69.99
2021-03-26,72.01,70.93
2021-03-29,71.85,70.32
2021-03-30,71.65,69.97
2021-03-31,71.76,70.05
2021-04-01,72.03,70.48
2021-04-05,71.75,70.28
2021-04-06,72.33,70.48
2021-04-07,71.52,69.38
2021-04-08,70.08,66.97
2021-04-09,70.21,67.33
2021-04-12,71.05,68.9
2021-04-13,71.43,70.18
2021-04-14,71.83,70.34
2021-04-15,73.0,72.22
2021-04-16,75.22,75.47
2021-04-19,74.34,74.59
2021-04-20,73.47,73.62
2021-04-21,74.21,73.38
2021-04-22,74.24,73.86
2021-04-23,73.25,73.53
2021-04-26,73.3,73.36
2021-04-27,74.19,74.76
2021-04-28,74.74,74.94
2021-04-29,74.77,75.89
2021-04-30,75.29,77.58
2021-05-03,75.43,78.28
2021-05-04,75.53,78.46
2021-05-05,76.26,79.39
2021-05-06,76.96,81.49
2021-05-07,77.18,81.98
2021-05-10,77.93,84.61
2021-05-11,78.44,85.42
2021-05-12,79.19,86.84
2021-05-13,78.11,86.55
2021-05-14,78.39,86.28
2021-05-17,76.91,84.49
2021-05-18,76.88,83.97
2021-05-19,76.16,83.4
2021-05-20,77.49,84.65
2021-05-21,77.65,86.48
2021-05-24,78.98,88.24
2021-05-25,80.28,90.37
2021-05-26,80.08,90.69
2021-05-27,79.52,90.67
2021-05-28,79.57,92.59
2021-05-31,79.07,92.82
2021-06-01,80.49,94.79
2021-06-02,79.31,94.49
2021-06-03,80.07,98.31
2021-06-04,78.81,97.69
2021-06-07,79.51,100.58
2021-06-08,79.47,101.67
2021-06-09,80.49,103.84
2021-06-10,81.58,108.6
2021-06-11,81.72,109.64
2021-06-14,81.47,107.5
2021-06-15,79.32,102.57
2021-06-16,79.74,102.02
2021-06-17,80.25,102.12
2021-06-18,80.47,102.38
2021-06-21,80.3,102.57
2021-06-22,81.76,106.5
2021-06-23,82.18,107.45
2021-06-24,81.63,111.58
2021-06-25,83.06,114.41
2021-06-28,82.23,112.67
2021-06-29,82.69,114.13
2021-06-30,84.27,119.25
2021-07-01,83.63,117.7
2021-07-02,83.73,119.22
2021-07-05,84.36,123.72
2021-07-06,82.77,118.68
2021-07-07,82.29,118.84
2021-07-08,82.74,119.17
2021-07-09,84.9,122.85
2021-07-12,84.92,123.75
2021-07-13,86.21,128.5
2021-07-14,86.61,129.1
2021-07-15,86.96,128.43
2021-07-16,87.93,129.45
2021-07-19,88.88,130.9
2021-07-20,88.33,128.9
2021-07-21,89.87,130.62
2021-07-22,88.61,130.59
2021-07-23,89.1,131.37
2021-07-26,89.79,133.2
2021-07-27,90.09,133.0
2021-07-28,91.34,136.35
2021-07-29,91.34,137.32
2021-07-30,90.64,137.32
2021-08-02,91.12,135.19
2021-08-03,90.96,134.95
2021-08-04,91.48,135.82
2021-08-05,92.19,136.94
2021-08-06,93.61,138.67
2021-08-09,94.76,140.87
2021-08-10,95.06,141.67
2021-08-11,97.12,144.1
2021-08-12,98.15,148.22
2021-08-13,97.27,147.47
2021-08-16,99.97,150.48
2021-08-17,100.72,147.74
2021-08-18,101.52,146.14
2021-08-19,94.12,138.4
2021-08-20,94.96,135.52
2021-08-23,97.84,140.8
2021-08-24,102.16,145.04
2021-08-25,100.09,145.84
2021-08-26,100.19,145.3
2021-08-27,102.33,147.64
2021-08-30,100.91,147.55
2021-08-31,107.14,152.78
2021-09-01,108.4,152.07
2021-09-02,109.63,157.61
2021-09-03,110.54,159.56
2021-09-06,112.96,163.0
2021-09-07,113.94,164.73
2021-09-08,115.64,165.25
2021-09-09,115.73,166.28
2021-09-10,117.32,167.65
2021-09-13,119.47,169.18
2021-09-14,119.28,167.9
2021-09-15,118.34,166.77
2021-09-16,111.13,161.87
2021-09-17,115.07,162.33
2021-09-20,116.44,165.58
2021-09-21,114.66,165.0
2021-09-22,117.77,167.27
2021-09-23,122.44,174.92
2021-09-24,137.02,184.86
2021-09-27,135.18,198.6
2021-09-28,134.71,201.58
2021-09-29,134.88,206.71
2021-09-30,141.05,214.5
2021-10-01,150.56,225.92
2021-10-04,149.86,241.42
2021-10-05,163.2,271.24
2021-10-06,141.99,238.31
2021-10-07,124.69,208.28
2021-10-08,121.78,201.81
2021-10-11,128.33,225.04
2021-10-12,134.67,235.23
2021-10-13,134.7,231.56
2021-10-14,138.38,231.89
2021-10-15,136.08,217.62
2021-10-18,128.78,206.18
2021-10-19,127.38,203.25
2021-10-20,126.06,189.75
2021-10-21,111.72,160.65
2021-10-22,112.82,170.92
2021-10-25,114.67,191.7
2021-10-26,112.06,188.48
2021-10-27,107.5,175.5
2021-10-28,104.44,164.77
2021-10-29,95.41,143.82
2021-11-01,92.29,123.22
2021-11-02,95.62,126.42
2021-11-03,107.08,136.62
2021-11-04,101.9,125.92
2021-11-05,102.0,130.25
2021-11-08,109.74,143.25
2021-11-09,105.76,137.0
2021-11-10,100.36,129.37
2021-11-11,101.66,129.04
2021-11-12,99.67,126.54
2021-11-15,100.06,122.6
2021-11-16,106.66,130.19
2021-11-17,108.01,133.2
2021-11-18,108.64,134.28
2021-11-19,109.53,135.0
2021-11-22,111.17,140.24
2021-11-23,118.45,153.43
2021-11-24,126.02,157.6
2021-11-25,123.68,152.78
2021-11-26,114.59,142.12
2021-11-29,111.65,135.0
2021-11-30,96.72,110.8
2021-12-01,106.45,119.35
2021-12-02,101.79,119.67
2021-12-03,102.94,120.27
2021-12-06,105.01,120.54
2021-12-07,108.35,127.0
2021-12-08,112.71,132.45
2021-12-09,111.95,132.2
2021-12-10,114.23,133.5
2021-12-13,116.89,138.27
2021-12-14,117.29,143.49
2021-12-15,117.01,143.82
2021-12-16,119.91,149.75
2021-12-17,120.18,148.04
2021-12-20,116.54,150.0
2021-12-21,121.12,150.12
2021-12-22,121.49,149.85
2021-12-23,116.16,142.57
2021-12-24,112.59,137.05
2021-12-27,108.08,134.98
2021-12-28,106.62,133.45
2021-12-29,93.89,112.98
2021-12-30,94.6,116.37
2021-12-31,93.14,114.95
2022-01-03,85.77,110.4
2022-01-04,91.04,121.75
2022-01-05,95.75,128.2
2022-01-06,98.63,133.85
2022-01-07,96.54,127.8
2022-01-10,91.88,126.65
2022-01-11,91.65,121.25
2022-01-12,91.9,127.65
2022-01-13,96.57,142.75
2022-01-14,98.03,149.9
2022-01-17,106.16,154.07
2022-01-18,107.68,157.73
2022-01-19,107.14,154.92
2022-01-20,104.77,152.07
2022-01-21,106.28,158.18
2022-01-24,110.09,166.32
2022-01-25,111.11,173.85
2022-01-26,112.26,184.6
2022-01-27,111.22,172.58
2022-01-28,111.15,176.0
2022-01-31,109.88,171.38
2022-02-01,107.13,149.12
2022-02-02,110.86,153.83
2022-02-03,110.66,153.45
2022-02-04,113.16,162.25
2022-02-07,113.71,162.22
2022-02-08,115.7,170.45
2022-02-09,114.86,171.48
2022-02-10,111.09,167.98
2022-02-11,112.03,170.28
2022-02-14,113.75,172.77
2022-02-15,111.32,165.62
2022-02-16,108.0,157.68
2022-02-17,106.19,155.47
2022-02-18,109.06,160.47
2022-02-21,112.29,165.35
2022-02-22,119.99,184.13
2022-02-23,95.01,196.51
2022-02-24,138.26,236.98
2022-02-25,117.66,208.98
2022-02-28,137.85,244.12
2022-03-01,180.22,299.92
2022-03-02,232.97,432.62
2022-03-03,165.14,345.8
2022-03-04,153.3,416.88
2022-03-07,205.96,435.35
2022-03-08,216.03,452.4
2022-03-09,200.64,438.82
2022-03-10,171.35,360.3
2022-03-11,172.85,352.92
2022-03-14,150.08,314.12
2022-03-15,155.51,288.6
2022-03-16,142.77,248.14
2022-03-17,149.55,241.31
2022-03-18,149.03,248.5
2022-03-21,138.54,233.88
2022-03-22,154.23,262.01
2022-03-23,159.82,292.14
2022-03-24,169.38,280.15
2022-03-25,158.1,268.18
2022-03-28,147.12,264.2
2022-03-29,160.45,264.15
2022-03-30,159.53,271.19
2022-03-31,169.84,269.0
2022-04-01,169.9,258.72
2022-04-04,168.35,254.5
2022-04-05,183.7,294.37
2022-04-06,178.61,293.52
2022-04-07,178.54,280.46
2022-04-08,197.91,293.14
2022-04-11,187.6,296.42
2022-04-12,206.75,318.8
2022-04-13,211.19,321.52
2022-04-14,208.32,317.98
2022-04-18,194.14,317.98
2022-04-19,211.07,318.62
2022-04-20,212.44,322.88
2022-04-21,221.08,321.63
2022-04-22,209.34,309.59
2022-04-25,221.32,296.6
2022-04-26,202.46,286.97
2022-04-27,208.41,280.44
2022-04-28,189.46,264.08
2022-04-29,189.89,257.4
2022-05-02,189.79,252.67
2022-05-03,207.4,274.64
2022-05-04,223.75,303.97
2022-05-05,230.19,309.89
2022-05-06,230.22,306.85
2022-05-09,217.84,297.53
2022-05-10,215.23,287.84
2022-05-11,224.49,302.07
2022-05-12,231.95,308.3
2022-05-13,221.37,297.43
2022-05-16,221.54,307.84
2022-05-17,228.1,322.34
2022-05-18,230.58,323.7
2022-05-19,233.31,321.25
2022-05-20,243.76,335.62
2022-05-23,239.94,316.2
2022-05-24,224.85,289.05
2022-05-25,219.61,285.39
2022-05-26,215.38,286.14
2022-05-27,211.85,286.5
2022-05-30,220.95,300.97
2022-05-31,225.8,324.12
2022-06-01,215.43,296.98
2022-06-02,210.4,297.48
2022-06-03,210.4,297.48
2022-06-06,215.41,304.25
2022-06-07,217.75,294.23
2022-06-08,211.4,288.64
2022-06-09,209.76,283.08
2022-06-10,208.95,276.0
2022-06-13,201.62,274.12
2022-06-14,211.99,286.05
2022-06-15,219.76,298.24
2022-06-16,220.24,301.92
2022-06-17,219.6,321.92
2022-06-20,227.75,341.88
2022-06-21,250.83,367.33
2022-06-22,248.28,361.75
2022-06-23,252.97,369.58
2022-06-24,233.79,360.85
2022-06-27,240.11,366.8
2022-06-28,234.65,361.96
2022-06-29,235.58,357.71
2022-06-30,237.91,362.15
2022-07-01,237.25,343.95
2022-07-04,246.5,359.68
2022-07-05,248.38,355.3
2022-07-06,248.55,359.6
2022-07-07,255.79,370.55
2022-07-08,259.42,374.66
2022-07-11,267.45,380.82
2022-07-12,270.45,383.01
2022-07-13,257.33,374.11
2022-07-14,264.5,362.26
2022-07-15,254.12,343.32
2022-07-18,235.99,327.63
2022-07-19,249.5,328.18
2022-07-20,248.05,332.27
2022-07-21,245.84,326.87
2022-07-22,246.35,331.15
2022-07-25,259.35,356.88
2022-07-26,281.71,381.3
2022-07-27,266.7,374.55
2022-07-28,268.26,376.25
2022-07-29,265.62,364.5
2022-08-01,253.99,347.4
2022-08-02,262.07,344.25
2022-08-03,253.75,334.12
2022-08-04,231.5,306.1
2022-08-05,219.48,283.59
2022-08-08,216.88,291.89
2022-08-09,226.96,305.52
2022-08-10,249.97,333.47
2022-08-11,246.6,336.88
2022-08-12,247.39,333.87
2022-08-15,265.26,351.21
2022-08-16,278.23,369.46
2022-08-17,286.22,374.26
2022-08-18,291.0,375.0
2022-08-19,303.47,391.56
2022-08-22,318.22,401.05
2022-08-23,298.46,373.0
2022-08-24,303.83,373.22
2022-08-25,297.87,369.62
2022-08-26,304.69,378.55
2022-08-29,301.92,374.52
2022-08-30,293.91,357.88
2022-08-31,298.51,361.25
2022-09-01,305.64,357.05
2022-09-02,313.53,362.68
2022-09-05,332.11,388.96
2022-09-06,324.25,377.12
2022-09-07,310.94,352.0
2022-09-08,304.28,332.55
2022-09-09,299.77,320.97
2022-09-12,286.88,305.0
2022-09-13,291.81,316.97
2022-09-14,303.92,320.63
2022-09-15,300.85,318.97
2022-09-16,284.43,306.74
2022-09-19,285.78,305.77
2022-09-20,273.14,292.8
2022-09-21,269.09,294.3
2022-09-22,267.98,291.5
2022-09-23,271.97,298.0
2022-09-26,259.12,292.8
2022-09-27,279.3,300.27
2022-09-28,269.69,303.38
2022-09-29,273.29,313.2
2022-09-30,278.96,314.25
2022-10-03,274.31,311.68
2022-10-04,263.83,297.77
2022-10-05,256.01,289.25
2022-10-06,236.82,272.49
2022-10-07,231.31,250.54
2022-10-10,234.93,249.25
2022-10-11,240.86,259.51
2022-10-12,259.27,282.0
2022-10-13,239.52,256.88
2022-10-14,243.82,262.88
2022-10-17,241.36,258.12
2022-10-18,239.18,253.75
2022-10-19,241.26,256.69
2022-10-20,237.9,257.64
2022-10-21,239.96,256.2
2022-10-24,234.99,245.75
2022-10-25,233.08,248.09
2022-10-26,227.78,244.04
2022-10-27,223.27,238.0
2022-10-28,226.52,240.21
2022-10-31,206.16,218.62
2022-11-01,211.4,226.85
2022-11-02,218.21,231.58
2022-11-03,210.13,223.75
2022-11-04,201.6,215.62
2022-11-07,186.51,198.15
2022-11-08,177.67,184.88
2022-11-09,172.09,179.0
2022-11-10,181.58,184.78
2022-11-11,175.56,182.12
2022-11-14,184.53,192.53
2022-11-15,197.96,204.81
2022-11-16,187.74,197.88
2022-11-17,192.6,205.5
2022-11-18,202.7,218.7
2022-11-21,216.96,230.91
2022-11-22,222.04,238.88
2022-11-23,228.0,246.82
2022-11-24,225.74,237.02
2022-11-25,224.27,241.22
2022-11-28,234.16,250.0
2022-11-29,244.84,259.88
2022-11-30,263.3,279.5
2022-12-01,258.61,267.3
2022-12-02,262.29,271.52
2022-12-05,257.29,262.98
2022-12-06,259.78,267.25
2022-12-07,259.62,262.75
2022-12-08,248.39,251.75
2022-12-09,251.48,254.32
2022-12-12,232.43,236.23
2022-12-13,230.75,234.99
2022-12-14,226.46,225.52
2022-12-15,220.45,219.55
2022-12-16,204.35,205.32
2022-12-19,198.85,202.0
2022-12-20,193.2,195.8
2022-12-21,189.11,193.13
2022-12-22,185.04,192.68
2022-12-23,180.89,188.48
2022-12-27,176.51,185.3
2022-12-28,177.19,186.18
2022-12-29,180.68,188.02
2022-12-30,180.59,189.88
2023-01-02,170.45,189.25
2023-01-03,167.56,187.73
2023-01-04,162.25,178.93
2023-01-05,164.6,179.1
2023-01-06,161.68,170.1
2023-01-09,163.86,170.2
2023-01-10,165.59,171.37
2023-01-11,158.1,163.3
2023-01-12,165.66,173.52
2023-01-13,165.42,169.42
2023-01-16,155.41,158.12
2023-01-17,166.07,170.75
2023-01-18,173.34,174.88
2023-01-19,173.99,176.7
2023-01-20,176.09,178.45
2023-01-23,174.6,176.02
2023-01-24,163.41,163.1
2023-01-25,149.19,140.55
2023-01-26,139.86,136.75
2023-01-27,145.31,140.5
2023-01-30,145.66,139.0
2023-01-31,142.7,136.82
2023-02-01,151.03,142.88
2023-02-02,144.77,136.3
2023-02-03,147.82,139.0
2023-02-06,149.08,141.38
2023-02-07,138.83,137.15
2023-02-08,135.59,126.16
2023-02-09,130.33,120.15
2023-02-10,135.47,130.65
2023-02-13,133.27,128.25
2023-02-14,137.09,131.24
2023-02-15,140.54,136.5
2023-02-16,143.31,138.0
2023-02-17,140.53,135.6
2023-02-20,135.77,134.32
2023-02-21,141.57,134.85
2023-02-22,143.37,138.55
2023-02-23,149.83,149.25
2023-02-24,157.01,156.52
2023-02-27,151.95,150.12
2023-02-28,152.14,145.82
2023-03-01,152.7,145.15
2023-03-02,147.51,139.5
2023-03-03,134.11,126.5
2023-03-06,126.29,117.0
2023-03-07,127.08,118.82
2023-03-08,126.82,118.02
2023-03-09,128.62,123.15
2023-03-10,136.22,131.15
2023-03-13,138.9,138.35
2023-03-14,136.69,135.18
2023-03-15,131.06,129.67
2023-03-16,129.16,131.12
2023-03-17,125.26,126.12
2023-03-20,124.16,124.65
2023-03-21,129.06,130.95
2023-03-22,126.93,128.18
2023-03-23,126.09,126.78
2023-03-24,125.84,126.02
2023-03-27,130.53,130.98
2023-03-28,136.4,136.98
2023-03-29,137.13,138.09
2023-03-30,137.11,136.99
2023-03-31,140.84,139.5
2023-04-03,148.62,146.0
2023-04-04,146.31,144.9
2023-04-05,139.82,137.0
2023-04-06,132.44,131.1
2023-04-10,132.44,131.1
2023-04-11,128.58,125.08
2023-04-12,131.44,127.35
2023-04-13,126.29,123.9
2023-04-14,122.89,122.25
2023-04-17,122.17,121.75
2023-04-18,122.43,123.38
2023-04-19,125.66,125.88
2023-04-20,130.27,129.75
2023-04-21,132.27,133.12
2023-04-24,130.08,130.3
2023-04-25,134.52,135.25
2023-04-26,133.78,133.7
2023-04-27,133.89,133.74
2023-04-28,134.97,135.37
2023-05-01,134.97,132.02
2023-05-02,135.63,131.5
2023-05-03,129.79,125.75
2023-05-04,126.72,120.37
2023-05-05,128.93,121.52
2023-05-08,128.2,121.75
2023-05-09,127.25,118.28
2023-05-10,123.15,112.6
2023-05-11,116.94,109.51
2023-05-12,117.02,107.9
2023-05-15,112.29,104.77
2023-05-16,107.36,101.16
2023-05-17,110.1,104.51
2023-05-18,104.25,99.42
2023-05-19,109.38,104.62
2023-05-22,107.57,105.12
2023-05-23,104.67,103.1
2023-05-24,102.04,100.38
2023-05-25,97.77,97.82
2023-05-26,96.82,97.0
2023-05-29,96.05,97.0
2023-05-30,91.01,91.1
2023-05-31,93.58,92.62
2023-06-01,91.42,86.85
2023-06-02,95.42,92.6
2023-06-05,103.53,106.58
2023-06-06,101.19,99.92
2023-06-07,104.73,105.01
2023-06-08,105.89,106.97
2023-06-09,108.98,112.37
2023-06-12,106.39,109.74
2023-06-13,109.48,113.84
2023-06-14,112.82,115.74
2023-06-15,114.86,116.34
2023-06-16,112.02,112.62
2023-06-19,110.34,112.28
2023-06-20,115.15,116.62
2023-06-21,114.38,115.62
2023-06-22,113.66,115.23
2023-06-23,112.3,113.22
2023-06-26,112.27,115.02
2023-06-27,116.43,117.82
2023-06-28,114.97,118.72
2023-06-29,116.61,119.1
2023-06-30,122.22,123.2
2023-07-03,119.0,118.57
2023-07-04,121.71,119.57
2023-07-05,124.18,121.67
2023-07-06,120.13,115.62
2023-07-07,118.79,113.15
2023-07-10,113.75,107.0
2023-07-11,106.34,99.3
2023-07-12,102.34,94.31
2023-07-13,101.15,94.02
2023-07-14,102.3,94.38
2023-07-17,101.13,95.62
2023-07-18,108.19,102.14
2023-07-19,109.01,105.45
2023-07-20,114.81,111.55
2023-07-21,118.88,113.38
2023-07-24,124.96,116.02
2023-07-25,131.57,118.65
2023-07-26,126.7,116.02
2023-07-27,125.75,114.41
2023-07-28,118.96,107.38
2023-07-31,118.92,106.62
2023-08-01,116.96,107.16
2023-08-02,116.01,106.41
2023-08-03,120.87,111.47
2023-08-04,119.65,110.62
2023-08-07,122.67,114.88
2023-08-08,123.62,116.32
2023-08-09,123.73,120.77
2023-08-10,124.04,119.74
2023-08-11,124.38,120.15
2023-08-14,124.63,119.07
2023-08-15,126.9,119.77
2023-08-16,125.68,119.09
2023-08-17,125.93,118.75
2023-08-18,126.86,119.88
2023-08-21,129.93,125.12
2023-08-22,132.5,129.12
2023-08-23,128.13,123.92
2023-08-24,125.34,120.12
2023-08-25,127.68,122.26
2023-08-28,127.79,124.0
2023-08-29,127.14,123.5
2023-08-30,127.15,122.55
2023-08-31,125.37,118.62
2023-09-01,125.18,117.57
2023-09-04,123.83,117.07
2023-09-05,125.64,121.0
2023-09-06,122.36,115.12
2023-09-07,120.58,114.04
2023-09-08,122.13,115.09
2023-09-11,124.33,117.28
2023-09-12,126.06,118.75
2023-09-13,129.8,124.05
2023-09-14,129.65,124.25
2023-09-15,130.01,124.82
2023-09-18,129.06,123.9
2023-09-19,130.41,125.15
2023-09-20,129.06,124.22
2023-09-21,128.8,123.28
2023-09-22,129.13,123.52
2023-09-25,130.41,125.55
2023-09-26,130.26,125.75
2023-09-27,130.03,125.22
2023-09-28,131.95,128.82
2023-09-29,131.17,128.02
2023-10-02,126.78,124.85
2023-10-03,121.49,118.5
2023-10-04,120.66,116.28
2023-10-05,119.24,115.88
2023-10-06,120.53,117.92
2023-10-09,125.27,124.25
2023-10-10,129.21,128.75
2023-10-11,129.8,129.1
2023-10-12,132.76,133.37
2023-10-13,139.77,139.88
2023-10-16,139.08,139.7
2023-10-17,138.33,138.99
2023-10-18,139.33,139.28
2023-10-19,135.65,137.62
2023-10-20,137.38,138.05
2023-10-23,135.02,135.64
2023-10-24,130.46,132.4
2023-10-25,127.35,128.25
2023-10-26,128.6,129.98
2023-10-27,127.41,129.1
2023-10-30,124.15,128.02
2023-10-31,119.88,121.62
2023-11-01,119.21,118.7
2023-11-02,118.8,118.77
2023-11-03,118.18,120.04
2023-11-06,111.9,114.62
2023-11-07,109.76,110.78
2023-11-08,111.31,115.14
2023-11-09,115.37,117.8
2023-11-10,111.34,114.9
2023-11-13,111.49,114.3
2023-11-14,110.95,112.85
2023-11-15,109.84,111.52
2023-11-16,108.98,110.65
2023-11-17,109.03,110.9
2023-11-20,108.44,110.69
2023-11-21,109.79,111.75
2023-11-22,111.69,114.35
2023-11-23,112.9,117.52
2023-11-24,114.47,118.32
2023-11-27,111.43,114.85
2023-11-28,108.49,112.68
2023-11-29,108.16,112.58
2023-11-30,112.6,117.32
2023-12-01,114.27,116.15
2023-12-04,111.69,113.35
2023-12-05,109.38,111.45
2023-12-06,111.07,114.87
2023-12-07,112.41,116.26
2023-12-08,112.59,115.93
2023-12-11,110.25,113.95
2023-12-12,103.61,107.25
2023-12-13,102.16,107.3
2023-12-14,102.3,108.54
2023-12-15,99.96,105.25
2023-12-18,99.56,105.32
2023-12-19,98.92,104.12
2023-12-20,98.87,104.22
2023-12-21,98.81,105.18
2023-12-22,97.58,104.07
2023-12-26,97.58,103.62
2023-12-27,99.02,106.68
2023-12-28,96.86,105.55
2023-12-29,96.82,106.12
2024-01-02,94.05,99.3
2024-01-03,94.5,101.67
2024-01-04,98.38,106.02
2024-01-05,102.9,110.62
2024-01-08,102.42,107.85
2024-01-09,102.9,106.96
2024-01-10,102.13,104.88
2024-01-11,100.41,101.52
2024-01-12,103.9,104.25
2024-01-15,102.33,100.58
2024-01-16,102.35,103.12
2024-01-17,100.01,99.39
2024-01-18,98.83,98.67
2024-01-19,96.52,94.28
2024-01-22,94.04,91.18
2024-01-23,93.57,91.22
2024-01-24,95.27,93.34
2024-01-25,95.24,91.1
2024-01-26,95.41,92.62
2024-01-29,95.89,93.02
2024-01-30,96.57,94.5
2024-01-31,97.29,98.42
2024-02-01,94.62,94.19
2024-02-02,95.83,94.88
2024-02-05,95.13,95.22
2024-02-06,95.62,95.45
2024-02-07,95.52,95.43
2024-02-08,95.26,94.82
2024-02-09,94.1,92.9
2024-02-12,92.45,90.48
2024-02-13,91.37,89.1
2024-02-14,90.6,88.45
2024-02-15,92.54,91.01
2024-02-16,91.4,89.7
2024-02-19,90.06,88.52
2024-02-20,91.02,90.05
2024-02-21,92.81,92.54
2024-02-22,91.86,92.52
2024-02-23,92.84,93.17
2024-02-26,95.69,97.94
2024-02-27,98.42,100.27
2024-02-28,102.57,103.7
2024-02-29,101.89,103.32
2024-03-01,104.88,105.12
2024-03-04,107.99,108.27
2024-03-05,111.07,111.46
2024-03-06,111.55,110.96
2024-03-07,108.31,108.54
2024-03-08,108.01,109.04
2024-03-11,104.78,104.6
2024-03-12,105.29,105.51
2024-03-13,106.12,106.84
2024-03-14,108.46,108.65
