date_m,EUA 1st Dec contract
2015-06-22,8.02
2015-06-23,8.04
2015-06-24,8.02
2015-06-25,8.12
2015-06-26,8.08
2015-06-29,7.9
2015-06-30,7.97
2015-07-01,8.01
2015-07-02,7.98
2015-07-03,7.97
2015-07-06,7.9
2015-07-07,7.98
2015-07-08,7.97
2015-07-09,8.0
2015-07-10,8.14
2015-07-13,8.3
2015-07-14,8.25
2015-07-15,8.3
2015-07-16,8.2
2015-07-17,8.25
2015-07-20,8.52
2015-07-21,8.49
2015-07-22,8.48
2015-07-23,8.6
2015-07-24,8.54
2015-07-27,8.54
2015-07-28,8.53
2015-07-29,8.59
2015-07-30,8.38
2015-07-31,8.38
2015-08-03,8.46
2015-08-04,8.41
2015-08-05,8.34
2015-08-06,8.36
2015-08-07,8.3
2015-08-10,8.43
2015-08-11,8.6
2015-08-12,8.71
2015-08-13,8.72
2015-08-14,8.82
2015-08-17,8.75
2015-08-18,8.8
2015-08-19,8.86
2015-08-20,8.89
2015-08-21,8.71
2015-08-24,8.7
2015-08-25,8.76
2015-08-26,8.63
2015-08-27,8.57
2015-08-28,8.62
2015-08-31,8.59
2015-09-01,8.52
2015-09-02,8.63
2015-09-03,8.7
2015-09-04,8.6
2015-09-07,8.6
2015-09-08,8.73
2015-09-09,8.78
2015-09-10,8.77
2015-09-11,8.76
2015-09-14,8.74
2015-09-15,8.68
2015-09-16,8.74
2015-09-17,8.73
2015-09-18,8.61
2015-09-21,8.5
2015-09-22,8.52
2015-09-23,8.57
2015-09-24,8.5
2015-09-25,8.49
2015-09-28,8.41
2015-09-29,8.46
2015-09-30,8.64
2015-10-01,8.65
2015-10-02,8.62
2015-10-05,8.68
2015-10-06,8.69
2015-10-07,8.59
2015-10-08,8.6
2015-10-09,8.82
2015-10-12,8.78
2015-10-13,8.82
2015-10-14,8.92
2015-10-15,8.92
2015-10-16,8.88
2015-10-19,8.82
2015-10-20,8.93
2015-10-21,8.92
2015-10-22,8.95
2015-10-23,9.1
2015-10-26,9.14
2015-10-27,9.09
2015-10-28,9.05
2015-10-29,9.16
2015-10-30,9.12
2015-11-02,9.08
2015-11-03,8.93
2015-11-04,8.89
2015-11-05,8.94
2015-11-06,8.89
2015-11-09,8.8
2015-11-10,8.92
2015-11-11,8.93
2015-11-12,8.86
2015-11-13,8.87
2015-11-16,9.0
2015-11-17,9.09
2015-11-18,9.07
2015-11-19,9.11
2015-11-20,9.0
2015-11-23,9.04
2015-11-24,9.14
2015-11-25,9.11
2015-11-26,9.07
2015-11-27,9.05
2015-11-30,9.06
2015-12-01,9.04
2015-12-02,8.98
2015-12-03,9.07
2015-12-04,9.01
2015-12-07,8.9
2015-12-08,8.91
2015-12-09,8.89
2015-12-10,8.84
2015-12-11,8.54
2015-12-14,8.56
2015-12-15,8.68
2015-12-16,8.61
2015-12-17,8.57
2015-12-18,8.55
2015-12-21,8.67
2015-12-22,8.73
2015-12-23,8.7
2015-12-28,8.8
2015-12-29,8.75
2015-12-30,8.68
2016-01-04,8.11
2016-01-05,8.06
2016-01-06,7.82
2016-01-07,7.6
2016-01-08,7.46
2016-01-11,7.18
2016-01-12,7.15
2016-01-13,7.3
2016-01-14,7.13
2016-01-15,6.72
2016-01-18,6.76
2016-01-19,6.86
2016-01-20,6.36
2016-01-21,6.22
2016-01-22,6.36
2016-01-25,5.92
2016-01-26,6.1
2016-01-27,5.93
2016-01-28,6.09
2016-01-29,6.07
2016-02-01,5.71
2016-02-02,5.84
2016-02-03,5.64
2016-02-04,5.62
2016-02-05,5.56
2016-02-08,5.26
2016-02-09,4.96
2016-02-10,4.89
2016-02-11,4.74
2016-02-12,5.08
2016-02-15,4.81
2016-02-16,4.7
2016-02-17,5.1
2016-02-18,5.26
2016-02-19,5.17
2016-02-22,5.42
2016-02-23,4.91
2016-02-24,4.88
2016-02-25,5.08
2016-02-26,5.0
2016-02-29,5.01
2016-03-01,5.0
2016-03-02,4.97
2016-03-03,4.89
2016-03-04,4.93
2016-03-07,5.1
2016-03-08,5.03
2016-03-09,5.1
2016-03-10,4.92
2016-03-11,5.0
2016-03-14,4.89
2016-03-15,4.88
2016-03-16,4.97
2016-03-17,5.01
2016-03-18,4.95
2016-03-21,4.88
2016-03-22,4.83
2016-03-23,4.81
2016-03-24,4.86
2016-03-29,4.79
2016-03-30,4.97
2016-03-31,5.22
2016-04-01,5.18
2016-04-04,5.32
2016-04-05,5.23
2016-04-06,5.3
2016-04-07,5.28
2016-04-08,5.43
2016-04-11,5.58
2016-04-12,5.59
2016-04-13,5.54
2016-04-14,5.61
2016-04-15,5.48
2016-04-18,5.48
2016-04-19,5.57
2016-04-20,5.55
2016-04-21,5.76
2016-04-22,5.96
2016-04-25,5.91
2016-04-26,6.62
2016-04-27,6.84
2016-04-28,6.34
2016-04-29,6.18
2016-05-02,6.11
2016-05-03,5.98
2016-05-04,6.14
2016-05-05,6.21
2016-05-06,5.86
2016-05-09,5.7
2016-05-10,5.9
2016-05-11,6.02
2016-05-12,5.82
2016-05-13,5.84
2016-05-16,6.11
2016-05-17,6.05
2016-05-18,6.06
2016-05-19,6.0
2016-05-20,5.98
2016-05-23,5.74
2016-05-24,5.8
2016-05-25,5.87
2016-05-26,6.03
2016-05-27,6.04
2016-05-30,6.12
2016-05-31,6.1
2016-06-01,5.97
2016-06-02,6.02
2016-06-03,5.96
2016-06-06,6.21
2016-06-07,6.12
2016-06-08,6.11
2016-06-09,6.12
2016-06-10,5.96
2016-06-13,5.86
2016-06-14,5.86
2016-06-15,5.91
2016-06-16,5.71
2016-06-17,5.68
2016-06-20,5.86
2016-06-21,5.56
2016-06-22,5.7
2016-06-23,5.65
2016-06-24,4.96
2016-06-27,4.78
2016-06-28,4.7
2016-06-29,4.53
2016-06-30,4.47
2016-07-01,4.62
2016-07-04,4.97
2016-07-05,4.72
2016-07-06,4.58
2016-07-07,4.58
2016-07-08,4.55
2016-07-11,4.44
2016-07-12,4.64
2016-07-13,4.78
2016-07-14,4.78
2016-07-15,4.94
2016-07-18,4.85
2016-07-19,4.68
2016-07-20,4.69
2016-07-21,4.66
2016-07-22,4.58
2016-07-25,4.6
2016-07-26,4.52
2016-07-27,4.54
2016-07-28,4.5
2016-07-29,4.43
2016-08-01,4.38
2016-08-02,4.42
2016-08-03,4.63
2016-08-04,4.7
2016-08-05,4.72
2016-08-08,4.94
2016-08-09,4.88
2016-08-10,4.78
2016-08-11,4.88
2016-08-12,4.9
2016-08-15,4.81
2016-08-16,4.7
2016-08-17,4.5
2016-08-18,4.69
2016-08-19,4.76
2016-08-22,4.9
2016-08-23,4.72
2016-08-24,4.61
2016-08-25,4.71
2016-08-26,4.7
2016-08-29,4.7
2016-08-30,4.56
2016-08-31,4.46
2016-09-01,4.38
2016-09-02,4.09
2016-09-05,3.92
2016-09-06,4.14
2016-09-07,4.01
2016-09-08,4.08
2016-09-09,4.08
2016-09-12,4.03
2016-09-13,4.03
2016-09-14,3.99
2016-09-15,4.14
2016-09-16,4.36
2016-09-19,4.4
2016-09-20,4.16
2016-09-21,4.22
2016-09-22,4.42
2016-09-23,4.55
2016-09-26,4.62
2016-09-27,4.44
2016-09-28,4.96
2016-09-29,5.03
2016-09-30,4.96
2016-10-03,5.32
2016-10-04,5.2
2016-10-05,5.48
2016-10-06,5.86
2016-10-07,5.69
2016-10-10,5.66
2016-10-11,5.42
2016-10-12,5.52
2016-10-13,5.66
2016-10-14,5.81
2016-10-17,5.87
2016-10-18,5.95
2016-10-19,5.67
2016-10-20,5.58
2016-10-21,5.9
2016-10-24,5.8
2016-10-25,5.81
2016-10-26,5.94
2016-10-27,5.8
2016-10-28,5.88
2016-10-31,5.9
2016-11-01,6.03
2016-11-02,6.24
2016-11-03,6.5
2016-11-04,6.41
2016-11-07,6.23
2016-11-08,6.14
2016-11-09,6.13
2016-11-10,5.92
2016-11-11,5.68
2016-11-14,5.41
2016-11-15,5.74
2016-11-16,5.55
2016-11-17,5.9
2016-11-18,5.58
2016-11-21,5.48
2016-11-22,5.52
2016-11-23,5.39
2016-11-24,5.34
2016-11-25,5.01
2016-11-28,4.74
2016-11-29,4.56
2016-11-30,4.58
2016-12-01,4.46
2016-12-02,4.3
2016-12-05,4.37
2016-12-06,4.5
2016-12-07,4.3
2016-12-08,4.61
2016-12-09,4.46
2016-12-12,4.87
2016-12-13,4.8
2016-12-14,5.01
2016-12-15,4.84
2016-12-16,4.94
2016-12-19,5.09
2016-12-20,5.26
2016-12-21,5.82
2016-12-22,6.1
2016-12-23,6.24
2016-12-27,6.34
2016-12-28,6.34
2016-12-29,6.37
2016-12-30,6.58
2017-01-02,6.14
2017-01-03,5.44
2017-01-04,5.73
2017-01-05,5.3
2017-01-06,5.05
2017-01-09,5.3
2017-01-10,5.52
2017-01-11,5.54
2017-01-12,5.05
2017-01-13,5.05
2017-01-16,4.7
2017-01-17,5.01
2017-01-18,4.84
2017-01-19,5.2
2017-01-20,5.44
2017-01-23,5.33
2017-01-24,5.1
2017-01-25,4.99
2017-01-26,5.2
2017-01-27,4.93
2017-01-30,5.17
2017-01-31,5.36
2017-02-01,5.28
2017-02-02,5.24
2017-02-03,5.17
2017-02-06,5.11
2017-02-07,5.17
2017-02-08,5.22
2017-02-09,5.28
2017-02-10,5.12
2017-02-13,4.9
2017-02-14,5.13
2017-02-15,5.06
2017-02-16,4.94
2017-02-17,4.98
2017-02-20,5.09
2017-02-21,5.05
2017-02-22,5.07
2017-02-23,5.34
2017-02-24,5.39
2017-02-27,5.2
2017-02-28,5.23
2017-03-01,5.91
2017-03-02,5.48
2017-03-03,5.59
2017-03-06,5.49
2017-03-07,5.38
2017-03-08,5.24
2017-03-09,5.14
2017-03-10,5.17
2017-03-13,5.16
2017-03-14,5.11
2017-03-15,5.2
2017-03-16,5.16
2017-03-17,5.14
2017-03-20,4.99
2017-03-21,4.94
2017-03-22,4.97
2017-03-23,4.99
2017-03-24,4.77
2017-03-27,4.63
2017-03-28,4.74
2017-03-29,4.76
2017-03-30,4.92
2017-03-31,4.69
2017-04-03,4.86
2017-04-04,4.65
2017-04-05,4.82
2017-04-06,5.06
2017-04-07,4.89
2017-04-10,4.79
2017-04-11,4.87
2017-04-12,4.94
2017-04-13,4.96
2017-04-17,5.24
2017-04-18,4.86
2017-04-19,4.84
2017-04-20,4.76
2017-04-21,4.58
2017-04-24,4.64
2017-04-25,4.5
2017-04-26,4.62
2017-04-27,4.56
2017-04-28,4.58
2017-05-01,4.86
2017-05-02,4.45
2017-05-03,4.4
2017-05-04,4.53
2017-05-05,4.58
2017-05-08,4.42
2017-05-09,4.52
2017-05-10,4.45
2017-05-11,4.36
2017-05-12,4.46
2017-05-15,4.39
2017-05-16,4.54
2017-05-17,4.58
2017-05-18,4.76
2017-05-19,4.86
2017-05-22,4.92
2017-05-23,4.75
2017-05-24,4.91
2017-05-25,4.98
2017-05-26,5.18
2017-05-29,5.17
2017-05-30,5.14
2017-05-31,4.98
2017-06-01,5.08
2017-06-02,5.16
2017-06-05,5.18
2017-06-06,4.97
2017-06-07,4.88
2017-06-08,5.06
2017-06-09,5.04
2017-06-12,4.92
2017-06-13,5.01
2017-06-14,4.94
2017-06-15,4.96
2017-06-16,4.88
2017-06-19,4.94
2017-06-20,4.95
2017-06-21,4.88
2017-06-22,4.86
2017-06-23,4.88
2017-06-26,4.78
2017-06-27,4.94
2017-06-28,4.94
2017-06-29,5.08
2017-06-30,5.04
2017-07-03,5.14
2017-07-04,5.12
2017-07-05,5.04
2017-07-06,5.24
2017-07-07,5.34
2017-07-10,5.4
2017-07-11,5.32
2017-07-12,5.48
2017-07-13,5.36
2017-07-14,5.42
2017-07-17,5.44
2017-07-18,5.46
2017-07-19,5.4
2017-07-20,5.3
2017-07-21,5.09
2017-07-24,5.14
2017-07-25,5.16
2017-07-26,5.26
2017-07-27,5.14
2017-07-28,5.18
2017-07-31,5.24
2017-08-01,5.3
2017-08-02,5.43
2017-08-03,5.42
2017-08-04,5.36
2017-08-07,5.27
2017-08-08,5.28
2017-08-09,5.37
2017-08-10,5.37
2017-08-11,5.39
2017-08-14,5.52
2017-08-15,5.53
2017-08-16,5.8
2017-08-17,5.81
2017-08-18,5.82
2017-08-21,5.75
2017-08-22,5.78
2017-08-23,5.95
2017-08-24,5.95
2017-08-25,6.09
2017-08-28,6.1
2017-08-29,6.04
2017-08-30,6.03
2017-08-31,5.94
2017-09-01,5.83
2017-09-04,5.92
2017-09-05,6.5
2017-09-06,6.7
2017-09-07,6.9
2017-09-08,7.07
2017-09-11,6.88
2017-09-12,6.86
2017-09-13,7.1
2017-09-14,7.1
2017-09-15,6.94
2017-09-18,6.74
2017-09-19,7.04
2017-09-20,6.9
2017-09-21,6.56
2017-09-22,6.66
2017-09-25,7.28
2017-09-26,6.98
2017-09-27,6.92
2017-09-28,6.97
2017-09-29,7.08
2017-10-02,6.94
2017-10-03,7.0
2017-10-04,6.9
2017-10-05,6.88
2017-10-06,7.0
2017-10-09,6.96
2017-10-10,7.38
2017-10-11,7.37
2017-10-12,7.4
2017-10-13,7.32
2017-10-16,7.36
2017-10-17,7.42
2017-10-18,7.8
2017-10-19,7.66
2017-10-20,7.58
2017-10-23,7.44
2017-10-24,7.47
2017-10-25,7.4
2017-10-26,7.2
2017-10-27,7.17
2017-10-30,7.14
2017-10-31,7.38
2017-11-01,7.51
2017-11-02,7.66
2017-11-03,7.88
2017-11-06,7.92
2017-11-07,7.76
2017-11-08,7.72
2017-11-09,7.56
2017-11-10,7.4
2017-11-13,7.35
2017-11-14,7.39
2017-11-15,7.69
2017-11-16,7.5
2017-11-17,7.49
2017-11-20,7.44
2017-11-21,7.4
2017-11-22,7.37
2017-11-23,7.66
2017-11-24,7.76
2017-11-27,7.7
2017-11-28,7.6
2017-11-29,7.7
2017-11-30,7.53
2017-12-01,7.68
2017-12-04,7.55
2017-12-05,7.43
2017-12-06,7.28
2017-12-07,7.35
2017-12-08,7.14
2017-12-11,7.2
2017-12-12,7.14
2017-12-13,7.07
2017-12-14,7.09
2017-12-15,7.18
2017-12-18,7.39
2017-12-19,7.54
2017-12-20,7.81
2017-12-21,8.02
2017-12-22,8.19
2017-12-26,8.51
2017-12-27,8.18
2017-12-28,8.21
2017-12-29,8.16
2018-01-02,7.8
2018-01-03,7.83
2018-01-04,7.77
2018-01-05,7.78
2018-01-08,7.66
2018-01-09,7.78
2018-01-10,7.89
2018-01-11,7.82
2018-01-12,7.86
2018-01-15,7.8
2018-01-16,8.04
2018-01-17,8.18
2018-01-18,8.5
2018-01-19,8.76
2018-01-22,8.75
2018-01-23,9.0
2018-01-24,9.46
2018-01-25,9.24
2018-01-26,9.08
2018-01-29,9.0
2018-01-30,8.88
2018-01-31,9.27
2018-02-01,9.27
2018-02-02,8.96
2018-02-05,9.07
2018-02-06,8.8
2018-02-07,9.0
2018-02-08,9.11
2018-02-09,9.24
2018-02-12,9.48
2018-02-13,9.9
2018-02-14,9.6
2018-02-15,9.54
2018-02-16,9.52
2018-02-19,9.88
2018-02-20,9.72
2018-02-21,9.56
2018-02-22,9.73
2018-02-23,9.81
2018-02-26,9.63
2018-02-27,10.15
2018-02-28,10.1
2018-03-01,9.99
2018-03-02,10.14
2018-03-05,10.36
2018-03-06,10.47
2018-03-07,10.64
2018-03-08,11.11
2018-03-09,11.11
2018-03-12,11.08
2018-03-13,11.4
2018-03-14,11.19
2018-03-15,11.19
2018-03-16,11.17
2018-03-19,11.07
2018-03-20,11.55
2018-03-21,12.65
2018-03-22,12.34
2018-03-23,12.61
2018-03-26,12.99
2018-03-27,13.68
2018-03-28,12.99
2018-03-29,13.27
2018-04-02,13.73
2018-04-03,13.3
2018-04-04,13.06
2018-04-05,12.64
2018-04-06,12.98
2018-04-09,13.34
2018-04-10,13.38
2018-04-11,13.43
2018-04-12,13.6
2018-04-13,13.94
2018-04-16,14.0
2018-04-17,13.74
2018-04-18,13.89
2018-04-19,13.46
2018-04-20,13.04
2018-04-23,12.89
2018-04-24,13.23
2018-04-25,13.26
2018-04-26,13.49
2018-04-27,13.57
2018-04-30,13.59
2018-05-01,14.08
2018-05-02,13.06
2018-05-03,12.96
2018-05-04,13.02
2018-05-07,13.62
2018-05-08,13.6
2018-05-09,14.0
2018-05-10,14.6
2018-05-11,14.64
2018-05-14,14.64
2018-05-15,14.32
2018-05-16,15.18
2018-05-17,15.3
2018-05-18,15.25
2018-05-21,15.56
2018-05-22,15.96
2018-05-23,16.02
2018-05-24,16.29
2018-05-25,16.0
2018-05-28,16.31
2018-05-29,16.3
2018-05-30,15.85
2018-05-31,14.91
2018-06-01,15.29
2018-06-04,16.13
2018-06-05,15.77
2018-06-06,15.93
2018-06-07,16.01
2018-06-08,15.82
2018-06-11,15.49
2018-06-12,15.15
2018-06-13,15.31
2018-06-14,14.92
2018-06-15,14.53
2018-06-18,14.6
2018-06-19,14.24
2018-06-20,14.5
2018-06-21,14.82
2018-06-22,15.12
2018-06-25,15.04
2018-06-26,15.04
2018-06-27,15.26
2018-06-28,15.01
2018-06-29,15.0
2018-07-02,15.08
2018-07-03,15.1
2018-07-04,15.52
2018-07-05,15.68
2018-07-06,15.7
2018-07-09,16.01
2018-07-10,16.06
2018-07-11,16.32
2018-07-12,16.1
2018-07-13,16.06
2018-07-16,15.93
2018-07-17,16.08
2018-07-18,16.42
2018-07-19,16.87
2018-07-20,17.06
2018-07-23,17.4
2018-07-24,17.1
2018-07-25,17.34
2018-07-26,17.28
2018-07-27,17.12
2018-07-30,17.05
2018-07-31,17.4
2018-08-01,17.78
2018-08-02,17.64
2018-08-03,17.68
2018-08-06,17.57
2018-08-07,17.52
2018-08-08,17.4
2018-08-09,17.6
2018-08-10,17.9
2018-08-13,18.06
2018-08-14,18.15
2018-08-15,18.09
2018-08-16,17.99
2018-08-17,18.14
2018-08-20,18.48
2018-08-21,19.31
2018-08-22,19.8
2018-08-23,20.38
2018-08-24,20.69
2018-08-27,21.3
2018-08-28,20.69
2018-08-29,21.06
2018-08-30,21.16
2018-08-31,21.08
2018-09-03,20.16
2018-09-04,20.18
2018-09-05,20.37
2018-09-06,21.46
2018-09-07,23.22
2018-09-10,25.24
2018-09-11,24.18
2018-09-12,22.96
2018-09-13,18.9
2018-09-14,19.96
2018-09-17,20.94
2018-09-18,20.24
2018-09-19,21.47
2018-09-20,22.03
2018-09-21,22.13
2018-09-24,22.43
2018-09-25,21.25
2018-09-26,20.24
2018-09-27,20.83
2018-09-28,21.22
2018-10-01,21.37
2018-10-02,20.98
2018-10-03,21.18
2018-10-04,21.34
2018-10-05,22.16
2018-10-08,21.94
2018-10-09,20.8
2018-10-10,19.46
2018-10-11,19.88
2018-10-12,20.38
2018-10-15,18.58
2018-10-16,19.3
2018-10-17,19.26
2018-10-18,19.74
2018-10-19,19.71
2018-10-22,19.01
2018-10-23,19.24
2018-10-24,19.62
2018-10-25,19.08
2018-10-26,18.28
2018-10-29,16.69
2018-10-30,16.02
2018-10-31,16.37
2018-11-01,15.62
2018-11-02,17.08
2018-11-05,17.24
2018-11-06,17.56
2018-11-07,18.62
2018-11-08,19.56
2018-11-09,19.5
2018-11-12,20.49
2018-11-13,20.14
2018-11-14,19.74
2018-11-15,18.99
2018-11-16,19.11
2018-11-19,18.94
2018-11-20,19.45
2018-11-21,20.49
2018-11-22,20.92
2018-11-23,20.2
2018-11-26,19.83
2018-11-27,19.6
2018-11-28,19.29
2018-11-29,20.02
2018-11-30,20.49
2018-12-03,20.64
2018-12-04,20.73
2018-12-05,19.68
2018-12-06,19.99
2018-12-07,20.3
2018-12-10,20.86
2018-12-11,20.16
2018-12-12,21.47
2018-12-13,22.32
2018-12-14,23.37
2018-12-17,24.26
2018-12-18,24.32
2018-12-19,24.62
2018-12-20,24.47
2018-12-21,24.92
2018-12-24,26.5
2018-12-26,26.5
2018-12-27,25.01
2018-12-28,24.98
2018-12-31,26.3
2019-01-02,25.32
2019-01-03,23.32
2019-01-04,23.73
2019-01-07,22.26
2019-01-08,22.84
2019-01-09,22.04
2019-01-10,22.1
2019-01-11,22.72
2019-01-14,22.54
2019-01-15,22.63
2019-01-16,23.4
2019-01-17,23.67
2019-01-18,24.86
2019-01-21,24.46
2019-01-22,25.2
2019-01-23,24.72
2019-01-24,24.08
2019-01-25,23.93
2019-01-28,22.77
2019-01-29,23.38
2019-01-30,23.06
2019-01-31,22.3
2019-02-01,21.99
2019-02-04,23.06
2019-02-05,23.18
2019-02-06,23.71
2019-02-07,23.48
2019-02-08,22.37
2019-02-11,22.4
2019-02-12,20.7
2019-02-13,20.94
2019-02-14,19.78
2019-02-15,20.42
2019-02-18,20.02
2019-02-19,20.2
2019-02-20,20.48
2019-02-21,18.81
2019-02-22,18.94
2019-02-25,19.24
2019-02-26,19.66
2019-02-27,21.28
2019-02-28,21.69
2019-03-01,22.28
2019-03-04,23.14
2019-03-05,22.94
2019-03-06,22.13
2019-03-07,23.27
2019-03-08,23.03
2019-03-11,22.28
2019-03-12,22.34
2019-03-13,22.28
2019-03-14,22.74
2019-03-15,22.47
2019-03-18,21.82
2019-03-19,21.12
2019-03-20,21.64
2019-03-21,20.94
2019-03-22,20.67
2019-03-25,20.94
2019-03-26,21.54
2019-03-27,21.86
2019-03-28,22.26
2019-03-29,21.54
2019-04-01,21.9
2019-04-02,22.02
2019-04-03,23.16
2019-04-04,24.44
2019-04-05,24.6
2019-04-08,24.3
2019-04-09,25.53
2019-04-10,26.13
2019-04-11,27.32
2019-04-12,26.58
2019-04-15,26.81
2019-04-16,27.01
2019-04-17,27.46
2019-04-18,26.88
2019-04-22,27.63
2019-04-23,27.54
2019-04-24,27.4
2019-04-25,27.28
2019-04-26,25.85
2019-04-29,26.38
2019-04-30,26.3
2019-05-01,26.42
2019-05-02,24.7
2019-05-03,25.2
2019-05-06,25.34
2019-05-07,26.4
2019-05-08,26.92
2019-05-09,26.51
2019-05-10,25.62
2019-05-13,25.04
2019-05-14,25.88
2019-05-15,25.97
2019-05-16,25.58
2019-05-17,25.01
2019-05-20,25.2
2019-05-21,25.38
2019-05-22,26.37
2019-05-23,26.06
2019-05-24,25.47
2019-05-27,25.58
2019-05-28,25.48
2019-05-29,25.52
2019-05-30,25.3
2019-05-31,24.47
2019-06-03,23.74
2019-06-04,24.56
2019-06-05,24.25
2019-06-06,23.98
2019-06-07,24.52
2019-06-10,25.2
2019-06-11,24.98
2019-06-12,24.83
2019-06-13,24.96
2019-06-14,25.05
2019-06-17,25.02
2019-06-18,25.12
2019-06-19,24.96
2019-06-20,25.1
2019-06-21,25.3
2019-06-24,26.38
2019-06-25,26.4
2019-06-26,27.38
2019-06-27,26.89
2019-06-28,26.28
2019-07-01,26.92
2019-07-02,26.72
2019-07-03,26.51
2019-07-04,26.02
2019-07-05,26.38
2019-07-08,26.81
2019-07-09,26.56
2019-07-10,28.2
2019-07-11,28.28
2019-07-12,28.79
2019-07-15,29.05
2019-07-16,28.47
2019-07-17,28.48
2019-07-18,27.78
2019-07-19,28.88
2019-07-22,28.98
2019-07-23,29.8
2019-07-24,29.2
2019-07-25,29.02
2019-07-26,28.3
2019-07-29,28.42
2019-07-30,27.9
2019-07-31,27.98
2019-08-01,29.45
2019-08-02,29.26
2019-08-05,28.7
2019-08-06,28.4
2019-08-07,28.28
2019-08-08,28.52
2019-08-09,28.12
2019-08-12,26.7
2019-08-13,27.1
2019-08-14,26.9
2019-08-15,25.99
2019-08-16,25.96
2019-08-19,26.56
2019-08-20,26.26
2019-08-21,26.02
2019-08-22,25.66
2019-08-23,25.09
2019-08-26,25.83
2019-08-27,25.42
2019-08-28,26.01
2019-08-29,26.46
2019-08-30,26.32
2019-09-02,25.19
2019-09-03,25.23
2019-09-04,25.52
2019-09-05,25.54
2019-09-06,25.08
2019-09-09,25.02
2019-09-10,26.72
2019-09-11,26.27
2019-09-12,26.43
2019-09-13,26.39
2019-09-16,27.04
2019-09-17,26.22
2019-09-18,25.45
2019-09-19,25.95
2019-09-20,26.53
2019-09-23,25.8
2019-09-24,25.54
2019-09-25,25.22
2019-09-26,25.64
2019-09-27,25.3
2019-09-30,24.72
2019-10-01,25.04
2019-10-02,24.2
2019-10-03,23.24
2019-10-04,22.94
2019-10-07,23.41
2019-10-08,22.53
2019-10-09,22.66
2019-10-10,23.26
2019-10-11,24.44
2019-10-14,24.15
2019-10-15,25.72
2019-10-16,26.3
2019-10-17,26.06
2019-10-18,25.88
2019-10-21,25.94
2019-10-22,25.66
2019-10-23,24.76
2019-10-24,25.44
2019-10-25,24.98
2019-10-28,25.12
2019-10-29,25.46
2019-10-30,26.0
2019-10-31,25.62
2019-11-01,25.3
2019-11-04,25.64
2019-11-05,25.52
2019-11-06,24.79
2019-11-07,24.94
2019-11-08,24.84
2019-11-11,24.93
2019-11-12,24.12
2019-11-13,24.39
2019-11-14,23.96
2019-11-15,23.85
2019-11-18,23.4
2019-11-19,23.44
2019-11-20,24.03
2019-11-21,23.94
2019-11-22,24.58
2019-11-25,24.44
2019-11-26,24.38
2019-11-27,25.11
2019-11-28,25.01
2019-11-29,25.22
2019-12-02,24.33
2019-12-03,24.0
2019-12-04,24.74
2019-12-05,24.69
2019-12-06,24.94
2019-12-09,25.13
2019-12-10,24.94
2019-12-11,24.48
2019-12-12,25.07
2019-12-13,24.02
2019-12-16,24.86
2019-12-17,26.07
2019-12-18,26.58
2019-12-19,26.85
2019-12-20,26.67
2019-12-23,26.54
2019-12-24,26.32
2019-12-26,26.3
2019-12-27,26.7
2019-12-30,25.08
2019-12-31,24.86
2020-01-02,24.39
2020-01-03,24.98
2020-01-06,24.24
2020-01-07,24.56
2020-01-08,24.08
2020-01-09,24.68
2020-01-10,24.21
2020-01-13,24.14
2020-01-14,23.84
2020-01-15,24.51
2020-01-16,24.85
2020-01-17,25.44
2020-01-20,25.18
2020-01-21,24.92
2020-01-22,25.01
2020-01-23,24.7
2020-01-24,24.38
2020-01-27,24.6
2020-01-28,24.66
2020-01-29,23.99
2020-01-30,23.74
2020-01-31,23.88
2020-02-03,23.22
2020-02-04,23.36
2020-02-05,23.78
2020-02-06,23.56
2020-02-07,23.32
2020-02-10,23.16
2020-02-11,23.3
2020-02-12,23.88
2020-02-13,24.4
2020-02-14,24.29
2020-02-17,25.04
2020-02-18,25.14
2020-02-19,25.72
2020-02-20,25.64
2020-02-21,25.62
2020-02-24,24.57
2020-02-25,24.18
2020-02-26,24.26
2020-02-27,23.6
2020-02-28,23.61
2020-03-02,23.52
2020-03-03,23.37
2020-03-04,23.83
2020-03-05,23.81
2020-03-06,23.42
2020-03-09,23.28
2020-03-10,24.1
2020-03-11,23.92
2020-03-12,22.52
2020-03-13,21.94
2020-03-16,19.48
2020-03-17,18.3
2020-03-18,15.3
2020-03-19,16.4
2020-03-20,16.11
2020-03-23,15.54
2020-03-24,16.78
2020-03-25,17.51
2020-03-26,17.35
2020-03-27,16.4
2020-03-30,17.06
2020-03-31,17.68
2020-04-01,17.08
2020-04-02,18.06
2020-04-03,17.96
2020-04-06,20.4
2020-04-07,20.51
2020-04-08,21.14
2020-04-09,21.08
2020-04-13,21.46
2020-04-14,19.81
2020-04-15,19.26
2020-04-16,20.94
2020-04-17,21.7
2020-04-20,21.38
2020-04-21,19.86
2020-04-22,20.66
2020-04-23,21.03
2020-04-24,20.74
2020-04-27,20.28
2020-04-28,20.21
2020-04-29,20.19
2020-04-30,19.57
2020-05-01,19.34
2020-05-04,19.35
2020-05-05,19.1
2020-05-06,19.0
2020-05-07,19.54
2020-05-08,19.34
2020-05-11,19.07
2020-05-12,18.52
2020-05-13,18.67
2020-05-14,18.84
2020-05-15,19.17
2020-05-18,20.34
2020-05-19,19.98
2020-05-20,21.26
2020-05-21,21.18
2020-05-22,21.4
2020-05-25,21.58
2020-05-26,21.6
2020-05-27,21.33
2020-05-28,21.26
2020-05-29,21.4
2020-06-01,20.98
2020-06-02,22.06
2020-06-03,22.08
2020-06-04,22.21
2020-06-05,23.24
2020-06-08,22.72
2020-06-09,22.48
2020-06-10,22.91
2020-06-11,22.27
2020-06-12,22.0
2020-06-15,22.16
2020-06-16,22.78
2020-06-17,22.75
2020-06-18,24.47
2020-06-19,24.16
2020-06-22,24.53
2020-06-23,25.41
2020-06-24,25.4
2020-06-25,25.18
2020-06-26,24.73
2020-06-29,26.62
2020-06-30,26.97
2020-07-01,27.71
2020-07-02,27.37
2020-07-03,27.9
2020-07-06,29.7
2020-07-07,29.39
2020-07-08,29.32
2020-07-09,28.62
2020-07-10,29.02
2020-07-13,29.35
2020-07-14,29.64
2020-07-15,28.85
2020-07-16,26.61
2020-07-17,27.82
2020-07-20,26.18
2020-07-21,26.61
2020-07-22,26.64
2020-07-23,27.34
2020-07-24,26.37
2020-07-27,25.01
2020-07-28,25.74
2020-07-29,26.18
2020-07-30,25.54
2020-07-31,26.28
2020-08-03,26.12
2020-08-04,26.84
2020-08-05,26.77
2020-08-06,26.38
2020-08-07,26.42
2020-08-10,26.7
2020-08-11,26.2
2020-08-12,25.97
2020-08-13,25.43
2020-08-14,25.48
2020-08-17,26.3
2020-08-18,26.54
2020-08-19,26.23
2020-08-20,25.9
2020-08-21,25.65
2020-08-24,27.48
2020-08-25,28.62
2020-08-26,28.62
2020-08-27,28.37
2020-08-28,29.52
2020-08-31,28.66
2020-09-01,27.74
2020-09-02,28.23
2020-09-03,28.74
2020-09-04,27.36
2020-09-07,27.06
2020-09-08,26.79
2020-09-09,27.2
2020-09-10,28.42
2020-09-11,28.27
2020-09-14,30.47
2020-09-15,29.8
2020-09-16,29.99
2020-09-17,28.44
2020-09-18,27.99
2020-09-21,26.4
2020-09-22,27.85
2020-09-23,26.51
2020-09-24,26.79
2020-09-25,26.16
2020-09-28,27.71
2020-09-29,26.79
2020-09-30,26.93
2020-10-01,26.52
2020-10-02,27.04
2020-10-05,26.94
2020-10-06,26.78
2020-10-07,26.9
2020-10-08,26.34
2020-10-09,25.72
2020-10-12,25.88
2020-10-13,25.22
2020-10-14,25.75
2020-10-15,24.96
2020-10-16,24.9
2020-10-19,24.98
2020-10-20,24.41
2020-10-21,23.56
2020-10-22,24.18
2020-10-23,25.49
2020-10-26,23.85
2020-10-27,24.08
2020-10-28,23.03
2020-10-29,23.68
2020-10-30,23.71
2020-11-02,23.67
2020-11-03,24.39
2020-11-04,25.11
2020-11-05,25.98
2020-11-06,25.42
2020-11-09,26.55
2020-11-10,26.22
2020-11-11,26.13
2020-11-12,25.92
2020-11-13,26.28
2020-11-16,27.39
2020-11-17,26.64
2020-11-18,27.19
2020-11-19,26.35
2020-11-20,26.74
2020-11-23,27.25
2020-11-24,27.63
2020-11-25,27.62
2020-11-26,28.1
2020-11-27,28.13
2020-11-30,29.14
2020-12-01,28.86
2020-12-02,29.55
2020-12-03,29.0
2020-12-04,30.11
2020-12-07,29.62
2020-12-08,29.57
2020-12-09,29.7
2020-12-10,30.9
2020-12-11,30.52
2020-12-14,30.81
2020-12-15,32.18
2020-12-16,31.78
2020-12-17,31.96
2020-12-18,31.1
2020-12-21,30.89
2020-12-22,31.15
2020-12-23,31.92
2020-12-24,32.19
2020-12-28,33.44
2020-12-29,33.02
2020-12-30,32.19
2020-12-31,32.72
2021-01-04,33.69
2021-01-05,32.96
2021-01-06,33.63
2021-01-07,34.76
2021-01-08,34.92
2021-01-11,34.53
2021-01-12,34.66
2021-01-13,33.65
2021-01-14,33.53
2021-01-15,31.74
2021-01-18,31.62
2021-01-19,33.09
2021-01-20,32.91
2021-01-21,34.11
2021-01-22,34.24
2021-01-25,33.16
2021-01-26,33.35
2021-01-27,33.28
2021-01-28,33.95
2021-01-29,32.95
2021-02-01,32.85
2021-02-02,34.97
2021-02-03,37.43
2021-02-04,37.27
2021-02-05,38.2
2021-02-08,38.61
2021-02-09,38.26
2021-02-10,39.33
2021-02-11,38.76
2021-02-12,40.02
2021-02-15,39.52
2021-02-16,38.86
2021-02-17,38.09
2021-02-18,38.32
2021-02-19,37.4
2021-02-22,37.96
2021-02-23,38.67
2021-02-24,39.15
2021-02-25,38.26
2021-02-26,37.28
2021-03-01,37.13
2021-03-02,38.35
2021-03-03,37.47
2021-03-04,38.16
2021-03-05,39.02
2021-03-08,39.13
2021-03-09,40.65
2021-03-10,41.54
2021-03-11,41.93
2021-03-12,42.85
2021-03-15,42.39
2021-03-16,41.6
2021-03-17,42.99
2021-03-18,42.4
2021-03-19,41.97
2021-03-22,42.84
2021-03-23,41.43
2021-03-24,41.6
2021-03-25,40.35
2021-03-26,41.73
2021-03-29,41.85
2021-03-30,42.05
2021-03-31,42.55
2021-04-01,42.47
2021-04-05,42.47
2021-04-06,44.24
2021-04-07,43.86
2021-04-08,43.48
2021-04-09,43.64
2021-04-12,44.48
2021-04-13,43.85
2021-04-14,43.82
2021-04-15,44.16
2021-04-16,44.42
2021-04-19,44.35
2021-04-20,44.89
2021-04-21,45.91
2021-04-22,47.09
2021-04-23,46.95
2021-04-26,47.2
2021-04-27,47.3
2021-04-28,47.79
2021-04-29,48.02
2021-04-30,48.84
2021-05-03,49.42
2021-05-04,48.61
2021-05-05,49.45
2021-05-06,49.94
2021-05-07,50.45
2021-05-10,52.22
2021-05-11,53.04
2021-05-12,55.32
2021-05-13,54.49
2021-05-14,56.65
2021-05-17,56.34
2021-05-18,53.07
2021-05-19,49.68
2021-05-20,52.7
2021-05-21,51.75
2021-05-24,52.77
2021-05-25,53.32
2021-05-26,53.67
2021-05-27,51.84
2021-05-28,51.03
2021-05-31,51.7
2021-06-01,52.41
2021-06-02,51.4
2021-06-03,50.24
2021-06-04,49.97
2021-06-07,51.47
2021-06-08,52.17
2021-06-09,53.51
2021-06-10,53.78
2021-06-11,52.67
2021-06-14,52.9
2021-06-15,51.4
2021-06-16,51.34
2021-06-17,50.91
2021-06-18,51.9
2021-06-21,52.42
2021-06-22,53.41
2021-06-23,54.67
2021-06-24,55.09
2021-06-25,55.05
2021-06-28,55.5
2021-06-29,55.64
2021-06-30,56.37
2021-07-01,57.65
2021-07-02,57.35
2021-07-05,57.87
2021-07-06,54.02
2021-07-07,52.62
2021-07-08,52.35
2021-07-09,54.26
2021-07-12,51.71
2021-07-13,52.85
2021-07-14,53.37
2021-07-15,52.97
2021-07-16,52.89
2021-07-19,52.41
2021-07-20,51.21
2021-07-21,52.14
2021-07-22,50.79
2021-07-23,50.89
2021-07-26,53.2
2021-07-27,52.91
2021-07-28,53.84
2021-07-29,54.05
2021-07-30,53.33
2021-08-02,54.43
2021-08-03,54.19
2021-08-04,55.46
2021-08-05,55.98
2021-08-06,56.66
2021-08-09,56.62
2021-08-10,57.41
2021-08-11,57.78
2021-08-12,56.26
2021-08-13,55.38
2021-08-16,58.16
2021-08-17,57.23
2021-08-18,57.13
2021-08-19,53.5
2021-08-20,54.38
2021-08-23,55.34
2021-08-24,56.64
2021-08-25,56.54
2021-08-26,56.86
2021-08-27,59.0
2021-08-30,60.76
2021-08-31,60.76
2021-09-01,60.12
2021-09-02,61.52
2021-09-03,61.32
2021-09-06,62.31
2021-09-07,61.99
2021-09-08,62.45
2021-09-09,62.75
2021-09-10,60.92
2021-09-13,61.07
2021-09-14,59.85
2021-09-15,59.86
2021-09-16,59.31
2021-09-17,59.48
2021-09-20,60.68
2021-09-21,60.16
2021-09-22,60.6
2021-09-23,60.54
2021-09-24,62.94
2021-09-27,64.37
2021-09-28,61.92
2021-09-29,62.88
2021-09-30,61.74
2021-10-01,62.04
2021-10-04,63.4
2021-10-05,64.72
2021-10-06,59.12
2021-10-07,60.37
2021-10-08,58.33
2021-10-11,59.15
2021-10-12,58.93
2021-10-13,59.07
2021-10-14,61.44
2021-10-15,59.44
2021-10-18,58.56
2021-10-19,54.55
2021-10-20,57.78
2021-10-21,57.98
2021-10-22,58.27
2021-10-25,58.99
2021-10-26,59.81
2021-10-27,59.9
2021-10-28,58.57
2021-10-29,58.71
2021-11-01,56.94
2021-11-02,59.46
2021-11-03,59.82
2021-11-04,59.86
2021-11-05,59.39
2021-11-08,60.63
2021-11-09,60.41
2021-11-10,63.16
2021-11-11,63.7
2021-11-12,63.27
2021-11-15,65.93
2021-11-16,67.55
2021-11-17,67.16
2021-11-18,69.1
2021-11-19,69.36
2021-11-22,69.91
2021-11-23,69.17
2021-11-24,72.91
2021-11-25,74.46
2021-11-26,72.78
2021-11-29,74.21
2021-11-30,75.37
2021-12-01,76.81
2021-12-02,79.86
2021-12-03,78.25
2021-12-06,81.25
2021-12-07,84.91
2021-12-08,88.88
2021-12-09,80.2
2021-12-10,83.73
2021-12-13,82.12
2021-12-14,79.48
2021-12-15,80.5
2021-12-16,84.77
2021-12-17,73.28
2021-12-20,79.38
2021-12-21,80.94
2021-12-22,76.83
2021-12-23,74.46
2021-12-24,76.31
2021-12-27,76.92
2021-12-28,79.29
2021-12-29,80.36
2021-12-30,80.16
2021-12-31,80.65
2022-01-03,84.01
2022-01-04,84.91
2022-01-05,87.58
2022-01-06,86.74
2022-01-07,85.42
2022-01-10,80.09
2022-01-11,81.3
2022-01-12,80.01
2022-01-13,80.56
2022-01-14,82.08
2022-01-17,80.58
2022-01-18,82.67
2022-01-19,82.09
2022-01-20,85.59
2022-01-21,84.47
2022-01-24,84.02
2022-01-25,87.45
2022-01-26,88.66
2022-01-27,89.76
2022-01-28,89.22
2022-01-31,89.24
2022-02-01,89.52
2022-02-02,94.21
2022-02-03,94.81
2022-02-04,96.45
2022-02-07,96.7
2022-02-08,96.93
2022-02-09,90.79
2022-02-10,90.78
2022-02-11,92.87
2022-02-14,91.76
2022-02-15,91.14
2022-02-16,89.86
2022-02-17,86.44
2022-02-18,89.47
2022-02-21,89.68
2022-02-22,89.77
2022-02-23,95.07
2022-02-24,87.03
2022-02-25,88.14
2022-02-28,82.21
2022-03-01,68.85
2022-03-02,68.49
2022-03-03,67.35
2022-03-04,65.1
2022-03-07,58.3
2022-03-08,68.51
2022-03-09,73.18
2022-03-10,76.41
2022-03-11,76.76
2022-03-14,78.28
2022-03-15,77.43
2022-03-16,78.16
2022-03-17,79.89
2022-03-18,78.89
2022-03-21,78.39
2022-03-22,80.67
2022-03-23,76.6
2022-03-24,78.24
2022-03-25,78.6
2022-03-28,80.81
2022-03-29,81.7
2022-03-30,78.31
2022-03-31,76.48
2022-04-01,78.49
2022-04-04,78.5
2022-04-05,78.05
2022-04-06,77.18
2022-04-07,79.94
2022-04-08,80.09
2022-04-11,77.95
2022-04-12,79.01
2022-04-13,77.44
2022-04-14,79.97
2022-04-18,79.97
2022-04-19,80.2
2022-04-20,87.82
2022-04-21,86.44
2022-04-22,88.99
2022-04-25,83.46
2022-04-26,82.71
2022-04-27,81.01
2022-04-28,82.68
2022-04-29,84.45
2022-05-02,83.04
2022-05-03,88.19
2022-05-04,88.31
2022-05-05,88.91
2022-05-06,91.54
2022-05-09,87.02
2022-05-10,87.34
2022-05-11,88.83
2022-05-12,88.26
2022-05-13,88.48
2022-05-16,89.56
2022-05-17,91.72
2022-05-18,84.64
2022-05-19,83.18
2022-05-20,80.39
2022-05-23,78.15
2022-05-24,81.32
2022-05-25,81.4
2022-05-26,84.76
2022-05-27,84.2
2022-05-30,83.97
2022-05-31,84.02
2022-06-01,86.08
2022-06-02,86.34
2022-06-03,86.87
2022-06-06,81.43
2022-06-07,81.31
2022-06-08,79.81
2022-06-09,81.01
2022-06-10,81.86
2022-06-13,81.54
2022-06-14,84.15
2022-06-15,86.2
2022-06-16,83.0
2022-06-17,82.37
2022-06-20,84.0
2022-06-21,84.73
2022-06-22,81.88
2022-06-23,84.13
2022-06-24,83.43
2022-06-27,85.05
2022-06-28,87.4
2022-06-29,88.35
2022-06-30,90.16
2022-07-01,85.58
2022-07-04,84.55
2022-07-05,83.19
2022-07-06,83.22
2022-07-07,84.92
2022-07-08,82.79
2022-07-11,84.36
2022-07-12,85.65
2022-07-13,83.86
2022-07-14,83.97
2022-07-15,85.38
2022-07-18,84.94
2022-07-19,83.65
2022-07-20,78.84
2022-07-21,78.11
2022-07-22,76.3
2022-07-25,76.37
2022-07-26,76.68
2022-07-27,76.14
2022-07-28,78.96
2022-07-29,78.55
2022-08-01,80.58
2022-08-02,81.95
2022-08-03,83.99
2022-08-04,84.19
2022-08-05,84.76
2022-08-08,83.81
2022-08-09,85.93
2022-08-10,85.92
2022-08-11,87.55
2022-08-12,88.87
2022-08-15,90.78
2022-08-16,92.08
2022-08-17,95.8
2022-08-18,96.04
2022-08-19,98.01
2022-08-22,92.17
2022-08-23,89.29
2022-08-24,89.24
2022-08-25,89.31
2022-08-26,90.31
2022-08-29,86.66
2022-08-30,80.81
2022-08-31,80.03
2022-09-01,80.79
2022-09-02,77.89
2022-09-05,74.45
2022-09-06,69.88
2022-09-07,69.03
2022-09-08,67.24
2022-09-09,66.08
2022-09-12,71.82
2022-09-13,69.75
2022-09-14,72.54
2022-09-15,71.85
2022-09-16,73.27
2022-09-19,71.1
2022-09-20,71.14
2022-09-21,69.79
2022-09-22,70.44
2022-09-23,65.77
2022-09-26,70.33
2022-09-27,67.96
2022-09-28,65.15
2022-09-29,65.73
2022-09-30,66.73
2022-10-03,65.94
2022-10-04,66.92
2022-10-05,67.07
2022-10-06,68.96
2022-10-07,69.85
2022-10-10,66.77
2022-10-11,66.34
2022-10-12,66.71
2022-10-13,68.84
2022-10-14,68.02
2022-10-17,67.51
2022-10-18,67.77
2022-10-19,67.29
2022-10-20,66.87
2022-10-21,68.72
2022-10-24,72.32
2022-10-25,77.11
2022-10-26,75.79
2022-10-27,80.21
2022-10-28,81.21
2022-10-31,79.97
2022-11-01,76.72
2022-11-02,76.7
2022-11-03,76.28
2022-11-04,76.36
2022-11-07,77.49
2022-11-08,76.06
2022-11-09,72.76
2022-11-10,73.05
2022-11-11,75.84
2022-11-14,75.23
2022-11-15,76.65
2022-11-16,73.41
2022-11-17,72.4
2022-11-18,72.47
2022-11-21,74.61
2022-11-22,73.89
2022-11-23,75.87
2022-11-24,78.27
2022-11-25,78.86
2022-11-28,78.81
2022-11-29,81.25
2022-11-30,84.69
2022-12-01,85.22
2022-12-02,87.67
2022-12-05,87.31
2022-12-06,87.69
2022-12-07,88.07
2022-12-08,88.67
2022-12-09,87.84
2022-12-12,90.17
2022-12-13,88.64
2022-12-14,86.61
2022-12-15,85.5
2022-12-16,83.82
2022-12-19,84.11
2022-12-20,90.22
2022-12-21,87.9
2022-12-22,89.27
2022-12-23,89.37
2022-12-27,88.3
2022-12-28,86.05
2022-12-29,84.4
2022-12-30,83.97
2023-01-02,86.28
2023-01-03,83.57
2023-01-04,77.78
2023-01-05,78.83
2023-01-06,77.39
2023-01-09,81.45
2023-01-10,80.54
2023-01-11,79.0
2023-01-12,80.24
2023-01-13,79.86
2023-01-16,77.57
2023-01-17,79.56
2023-01-18,83.26
2023-01-19,83.9
2023-01-20,85.08
2023-01-23,85.19
2023-01-24,81.67
2023-01-25,84.26
2023-01-26,89.36
2023-01-27,89.23
2023-01-30,89.61
2023-01-31,93.01
2023-02-01,95.45
2023-02-02,93.01
2023-02-03,93.29
2023-02-06,90.88
2023-02-07,90.29
2023-02-08,90.28
2023-02-09,90.96
2023-02-10,93.03
2023-02-13,92.22
2023-02-14,92.05
2023-02-15,94.37
2023-02-16,97.54
2023-02-17,96.25
2023-02-20,98.35
2023-02-21,100.34
2023-02-22,96.77
2023-02-23,97.58
2023-02-24,97.39
2023-02-27,100.23
2023-02-28,99.8
2023-03-01,96.92
2023-03-02,93.38
2023-03-03,92.18
2023-03-06,92.98
2023-03-07,95.69
2023-03-08,97.85
2023-03-09,98.42
2023-03-10,99.8
2023-03-13,97.13
2023-03-14,92.68
2023-03-15,89.2
2023-03-16,87.07
2023-03-17,87.29
2023-03-20,87.83
2023-03-21,89.73
2023-03-22,89.67
2023-03-23,92.58
2023-03-24,87.65
2023-03-27,87.41
2023-03-28,89.32
2023-03-29,90.29
2023-03-30,90.96
2023-03-31,91.93
2023-04-03,95.75
2023-04-04,94.96
2023-04-05,96.63
2023-04-06,96.66
2023-04-10,96.66
2023-04-11,97.44
2023-04-12,95.92
2023-04-13,94.45
2023-04-14,93.84
2023-04-17,93.04
2023-04-18,95.31
2023-04-19,94.45
2023-04-20,91.96
2023-04-21,89.72
2023-04-24,88.39
2023-04-25,86.99
2023-04-26,85.64
2023-04-27,86.05
2023-04-28,87.34
2023-05-01,85.91
2023-05-02,88.41
2023-05-03,85.0
2023-05-04,84.67
2023-05-05,84.96
2023-05-08,85.41
2023-05-09,86.77
2023-05-10,89.49
2023-05-11,88.38
2023-05-12,88.48
2023-05-15,86.97
2023-05-16,88.59
2023-05-17,88.15
2023-05-18,89.85
2023-05-19,89.88
2023-05-22,87.76
2023-05-23,85.5
2023-05-24,85.15
2023-05-25,82.99
2023-05-26,82.3
2023-05-29,82.86
2023-05-30,80.52
2023-05-31,81.02
2023-06-01,78.72
2023-06-02,78.99
2023-06-05,82.48
2023-06-06,81.67
2023-06-07,83.54
2023-06-08,83.99
2023-06-09,86.79
2023-06-12,87.82
2023-06-13,89.9
2023-06-14,93.32
2023-06-15,93.26
2023-06-16,92.35
2023-06-19,92.15
2023-06-20,94.85
2023-06-21,90.55
2023-06-22,90.15
2023-06-23,87.88
2023-06-26,86.25
2023-06-27,88.85
2023-06-28,87.72
2023-06-29,87.89
2023-06-30,89.08
2023-07-03,87.32
2023-07-04,87.25
2023-07-05,85.81
2023-07-06,85.96
2023-07-07,86.16
2023-07-10,86.3
2023-07-11,86.74
2023-07-12,85.81
2023-07-13,85.84
2023-07-14,86.04
2023-07-17,86.49
2023-07-18,87.35
2023-07-19,89.18
2023-07-20,90.52
2023-07-21,91.43
2023-07-24,91.11
2023-07-25,91.93
2023-07-26,90.84
2023-07-27,91.06
2023-07-28,88.68
2023-07-31,86.67
2023-08-01,85.1
2023-08-02,83.45
2023-08-03,84.77
2023-08-04,83.65
2023-08-07,82.68
2023-08-08,84.34
2023-08-09,83.95
2023-08-10,84.9
2023-08-11,86.73
2023-08-14,87.73
2023-08-15,87.13
2023-08-16,88.46
2023-08-17,88.84
2023-08-18,88.01
2023-08-21,87.88
2023-08-22,89.87
2023-08-23,88.22
2023-08-24,85.84
2023-08-25,85.39
2023-08-28,85.68
2023-08-29,84.77
2023-08-30,86.24
2023-08-31,85.76
2023-09-01,85.27
2023-09-04,84.16
2023-09-05,83.85
2023-09-06,83.67
2023-09-07,82.93
2023-09-08,81.52
2023-09-11,81.65
2023-09-12,81.08
2023-09-13,83.01
2023-09-14,83.12
2023-09-15,82.31
2023-09-18,80.84
2023-09-19,81.23
2023-09-20,82.81
2023-09-21,84.14
2023-09-22,85.48
2023-09-25,85.27
2023-09-26,82.92
2023-09-27,82.29
2023-09-28,82.71
2023-09-29,81.67
2023-10-02,80.8
2023-10-03,79.65
2023-10-04,81.67
2023-10-05,80.51
2023-10-06,80.46
2023-10-09,81.75
2023-10-10,84.82
2023-10-11,84.12
2023-10-12,85.23
2023-10-13,85.95
2023-10-16,83.35
2023-10-17,82.55
2023-10-18,81.86
2023-10-19,81.76
2023-10-20,81.41
2023-10-23,80.5
2023-10-24,80.58
2023-10-25,79.92
2023-10-26,79.65
2023-10-27,79.35
2023-10-30,78.72
2023-10-31,79.05
2023-11-01,78.54
2023-11-02,78.61
2023-11-03,77.64
2023-11-06,75.84
2023-11-07,75.25
2023-11-08,75.7
2023-11-09,77.38
2023-11-10,78.7
2023-11-13,77.48
2023-11-14,78.63
2023-11-15,79.74
2023-11-16,77.01
2023-11-17,76.55
2023-11-20,76.61
2023-11-21,75.37
2023-11-22,75.19
2023-11-23,76.59
2023-11-24,76.6
2023-11-27,73.63
2023-11-28,72.96
2023-11-29,71.02
2023-11-30,70.81
2023-12-01,72.49
2023-12-04,70.37
2023-12-05,68.64
2023-12-06,68.82
2023-12-07,69.65
2023-12-08,68.63
2023-12-11,67.28
2023-12-12,68.21
2023-12-13,68.9
2023-12-14,66.79
2023-12-15,66.35
2023-12-18,69.08
2023-12-19,71.73
2023-12-20,75.53
2023-12-21,77.88
2023-12-22,78.9
2023-12-26,78.9
2023-12-27,79.99
2023-12-28,80.2
2023-12-29,80.37
2024-01-02,75.96
2024-01-03,77.35
2024-01-04,75.82
2024-01-05,76.35
2024-01-08,72.42
2024-01-09,71.94
2024-01-10,69.99
2024-01-11,67.92
2024-01-12,65.81
2024-01-15,67.25
2024-01-16,65.59
2024-01-17,63.15
2024-01-18,63.01
2024-01-19,63.65
2024-01-22,62.04
2024-01-23,63.05
2024-01-24,65.82
2024-01-25,63.21
2024-01-26,63.58
2024-01-29,61.78
2024-01-30,63.51
2024-01-31,64.16
2024-02-01,62.19
2024-02-02,63.4
2024-02-05,62.67
2024-02-06,63.58
2024-02-07,62.41
2024-02-08,60.78
2024-02-09,58.79
2024-02-12,56.89
2024-02-13,56.43
2024-02-14,56.63
2024-02-15,57.91
2024-02-16,57.17
2024-02-19,53.54
2024-02-20,54.31
2024-02-21,54.55
2024-02-22,52.8
2024-02-23,52.22
2024-02-26,53.97
2024-02-27,55.68
2024-02-28,57.84
2024-02-29,56.0
2024-03-01,56.37
2024-03-04,57.03
2024-03-05,60.54
2024-03-06,59.23
2024-03-07,59.16
2024-03-08,58.39
2024-03-11,56.21
2024-03-12,56.51
2024-03-13,56.04
2024-03-14,58.45
