jour,stock_solide,stock_liquide,cout_moyen_solide,cout_moyen_liquide,date
1,543.2555399726198,7722.744460027381,100.0,164.99999999999997,2025-01-01
2,0.0,7534.0,100.0,165.0,2025-01-02
3,0.0,6859.0,100.0,165.0,2025-01-03
4,0.0,6859.0,100.0,165.0,2025-01-04
5,0.0,6121.0,100.0,165.0,2025-01-05
6,0.0,6121.0,100.0,165.0,2025-01-06
7,0.0,6121.0,100.0,165.0,2025-01-07
8,0.0,5383.0,100.0,165.0,2025-01-08
9,0.0,4662.0,100.0,165.0,2025-01-09
10,8000.0,3999.0,633.3333333333334,165.0,2025-01-10
11,7725.464142835668,4273.535857164332,633.3333333333334,199.26182175949555,2025-01-11
12,7009.539150886233,4302.460849113767,633.3333333333334,270.87231810584046,2025-01-12
13,7009.539150886233,4302.460849113767,633.3333333333334,270.87231810584046,2025-01-13
14,6615.564675798087,4696.435324201913,633.3333333333334,306.7311594332287,2025-01-14
15,6235.367520093561,4364.632479906439,633.3333333333334,336.05887485754334,2025-01-15
16,5854.432886324968,4071.5671136750316,633.3333333333334,365.1392534208378,2025-01-16
17,5423.351480078674,3787.6485199213257,633.3333333333334,397.0390945668058,2025-01-17
18,4914.928471420856,4296.071528579144,633.3333333333334,432.69607149232934,2025-01-18
19,4438.163591332478,4072.836408667522,633.3333333333334,459.2309254962588,2025-01-19
20,4012.038317503761,4498.961682496239,633.3333333333334,481.87783520635594,2025-01-20
21,3473.5849578694915,5037.415042130508,633.3333333333334,505.0149381059587,2025-01-21
22,3114.3847621308405,4677.615237869159,633.3333333333334,517.882263706324,2025-01-22
23,2687.9082245947884,4448.091775405211,633.3333333333334,532.9599995221331,2025-01-23
24,2234.0712026814936,4210.9287973185055,633.3333333333334,548.2708178599686,2025-01-24
25,1749.0346685249067,4695.965331475092,633.3333333333334,563.7704643169318,2025-01-25
26,2144.091204323273,4636.908795676726,619.0,577.491144037886,2025-01-26
27,1755.7204952878485,5025.279504712151,619.0,585.7225110433969,2025-01-27
28,1250.87914231559,5530.120857684409,619.0,594.6942029409846,2025-01-28
29,719.219471235005,5379.780528764994,619.0,602.5269330216394,2025-01-29
30,420.51669185076094,5002.483308149239,619.0,606.8126252092821,2025-01-30
31,0.0,4736.0,619.0,612.7979800865894,2025-01-31
32,3625.1664698840127,5110.833530115988,540.1428571428571,612.2365458822541,2025-02-01
33,3311.8688223814415,4674.1311776185585,540.1428571428571,611.8268146420992,2025-02-02
34,2614.408238802662,5371.591761197338,540.1428571428571,610.9589532882799,2025-02-03
35,1902.504696102618,6083.495303897382,540.1428571428571,610.2783413630997,2025-02-04
36,1287.2218116315303,6698.778188368469,540.1428571428571,609.8066470547744,2025-02-05
37,856.0000312262729,6394.999968773726,540.1428571428571,609.5245814449482,2025-02-06
38,520.6830955303753,6076.316904469624,540.1428571428571,609.3062757712488,2025-02-07
39,0.0,6597.0,540.1428571428571,608.9776685710941,2025-02-08
40,0.0,5851.0,540.1428571428571,608.9776685710941,2025-02-09
41,0.0,5851.0,540.1428571428571,608.9776685710941,2025-02-10
42,0.0,5851.0,540.1428571428571,608.9776685710941,2025-02-11
43,0.0,5189.0,540.1428571428571,608.9776685710941,2025-02-12
44,0.0,4440.0,540.1428571428571,608.9776685710941,2025-02-13
45,5000.0,3739.0,461.1842105263158,608.9776685710941,2025-02-14
46,4443.419685077705,4295.580314922295,461.1842105263158,598.2500821744462,2025-02-15
47,4009.5276824960474,4051.4723175039526,461.1842105263158,591.6386035002878,2025-02-16
48,3502.701066671318,4558.298933328682,461.1842105263158,584.360882366357,2025-02-17
49,2986.7871316333353,5074.212868366665,461.1842105263158,578.445845596118,2025-02-18
50,2605.178052454322,4777.821947545679,461.1842105263158,574.790390079585,2025-02-19
51,1889.5642676838354,4768.435732316166,461.1842105263158,568.4586054172597,2025-02-20
52,5288.939837793243,4693.060162206758,410.2078260869565,558.0268548910939,2025-02-21
53,4598.831959029632,5383.168040970368,410.2078260869565,547.4096748487292,2025-02-22
54,3938.731862920619,5358.268137079382,410.2078260869565,539.5231395791013,2025-02-23
55,3405.162211884201,5891.837788115799,410.2078260869565,533.698692163811,2025-02-24
56,2727.7456864681535,6569.2543135318465,410.2078260869565,527.6671583891571,2025-02-25
57,2398.255838162225,6206.744161837775,410.2078260869565,525.161656367775,2025-02-26
58,2398.255838162225,5537.744161837775,410.2078260869565,525.161656367775,2025-02-27
59,2100.5812748600747,5112.418725139925,410.2078260869565,522.6134271293058,2025-02-28
60,2100.5812748600747,5112.418725139925,410.2078260869565,522.6134271293058,2025-03-01
61,1638.848348809368,4919.151651190632,410.2078260869565,518.6866005465018,2025-03-02
62,13220.455796791213,5337.544203208788,309.90194285714284,507.4157936770163,2025-03-03
63,12595.644625215868,5962.355374784134,309.90194285714284,493.5293127183527,2025-03-04
64,12145.245894821946,5716.754105178055,309.90194285714284,485.19753889713024,2025-03-05
65,11723.099089962032,5477.900910037971,309.90194285714284,477.61296730349744,2025-03-06
66,11208.557265325191,5281.442734674812,309.90194285714284,468.7936726904444,2025-03-07
67,10848.60319077705,5641.396809222952,309.90194285714284,462.80283179362664,2025-03-08
68,10236.133009092075,6253.866990907928,309.90194285714284,454.1942903111377,2025-03-09
69,9916.020495510173,6573.97950448983,309.90194285714284,450.3332389290985,2025-03-10
70,9916.020495510173,6573.97950448983,309.90194285714284,450.3332389290985,2025-03-11
71,9316.622624531143,6464.37737546886,309.90194285714284,444.0303001731734,2025-03-12
72,9316.622624531143,5715.37737546886,309.90194285714284,444.0303001731734,2025-03-13
73,9059.387568902686,5318.612431097316,309.90194285714284,441.0530038820048,2025-03-14
74,8440.84991821007,5937.150081789933,309.90194285714284,434.16132667771114,2025-03-15
75,8440.84991821007,5216.150081789933,309.90194285714284,434.1613266777112,2025-03-16
76,8440.84991821007,5216.150081789933,309.90194285714284,434.1613266777112,2025-03-17
77,7841.864386272162,5815.135613727841,309.90194285714284,428.0573394454476,2025-03-18
78,7522.10555238841,5393.894447611593,309.90194285714284,425.2868096877072,2025-03-19
79,7071.092200343806,5186.907799656197,309.90194285714284,421.3989386621094,2025-03-20
80,6724.903904136534,4855.09609586347,309.90194285714284,418.4897689174322,2025-03-21
81,6082.726017802366,5497.273982197637,309.90194285714284,413.3979473891721,2025-03-22
82,5540.236245316484,5349.763754683519,309.90194285714284,409.94024778560697,2025-03-23
83,5099.226390240228,5790.773609759775,309.90194285714284,407.2718240446794,2025-03-24
84,4787.035596224633,6102.964403775371,309.90194285714284,405.61597645299497,2025-03-25
85,4787.035596224633,5430.964403775371,309.90194285714284,405.61597645299497,2025-03-26
86,4348.131171459386,5119.868828540618,309.90194285714284,403.3194131665953,2025-03-27
87,3766.146828279699,5016.853171720304,309.90194285714284,400.4188609610595,2025-03-28
88,3218.5844007130363,5564.415599286967,309.90194285714284,397.9078864711614,2025-03-29
89,2562.988944350303,5514.0110556497,309.90194285714284,395.48303674537385,2025-03-30
90,2072.4436950497393,6004.556304950263,309.90194285714284,393.8016539221406,2025-03-31
91,1724.127871710187,6352.872128289816,309.90194285714284,392.7654189267643,2025-04-01
92,1724.127871710187,5649.872128289816,309.90194285714284,392.76541892676426,2025-04-02
93,1129.5332482329702,5555.466751767033,309.90194285714284,391.0644687496166,2025-04-03
94,1129.5332482329702,5555.466751767033,309.90194285714284,391.0644687496166,2025-04-04
95,530.6758525081027,6154.3241474919005,309.90194285714284,389.4917455825655,2025-04-05
96,32.78576953682159,5994.214230463182,309.90194285714284,388.39976059263086,2025-04-06
97,0.0,6027.000000000004,309.90194285714284,388.3263349510968,2025-04-07
98,0.0,6027.000000000004,309.90194285714284,388.3263349510968,2025-04-08
99,0.0,6027.000000000004,309.90194285714284,388.3263349510968,2025-04-09
100,0.0,5337.000000000004,309.90194285714284,388.3263349510968,2025-04-10
101,0.0,4663.000000000004,309.90194285714284,388.3263349510968,2025-04-11
102,6452.847570517568,5210.152429482436,274.91828571428573,383.24268680357847,2025-04-12
103,6017.965853186263,4958.03414681374,274.91828571428573,379.90506484097324,2025-04-13
104,5515.051150992391,5460.948849007613,274.91828571428573,376.2225657602787,2025-04-14
105,4847.073772553213,6128.926227446791,274.91828571428573,372.2658469303726,2025-04-15
106,4847.073772553213,5397.926227446791,274.91828571428573,372.2658469303726,2025-04-16
107,4377.761369551952,5127.2386304480515,274.91828571428573,369.6784096976734,2025-04-17
108,4377.761369551952,5127.2386304480515,274.91828571428573,369.6784096976734,2025-04-18
109,3976.7179378719115,5528.282062128093,274.91828571428573,367.5194926750989,2025-04-19
110,3654.921164065916,5150.078835934088,274.91828571428573,366.00122606669294,2025-04-20
111,3229.3637085391365,5575.636291460867,274.91828571428573,364.01045960546827,2025-04-21
112,3229.3637085391365,5575.636291460867,274.91828571428573,364.01045960546827,2025-04-22
113,2546.4750163473495,5584.524983652654,274.91828571428573,361.3816815525596,2025-04-23
114,1931.318635740259,6199.681364259744,274.91828571428573,359.25200034417924,2025-04-24
115,1385.239225311056,6063.760774688947,274.91828571428573,357.68690726733706,2025-04-25
116,738.543296956616,6710.456703043387,274.91828571428573,355.9745208055307,2025-04-26
117,125.40757313335303,6611.59242686665,274.91828571428573,354.6302827935365,2025-04-27
118,0.0,6737.000000000004,274.91828571428573,354.35642264070077,2025-04-28
119,0.0,6737.000000000004,274.91828571428573,354.35642264070077,2025-04-29
120,0.0,6737.000000000004,274.91828571428573,354.35642264070077,2025-04-30
121,0.0,6003.000000000004,274.91828571428573,354.35642264070077,2025-05-01
122,0.0,5273.000000000004,274.91828571428573,354.3564226407007,2025-05-02
123,0.0,5273.000000000004,274.91828571428573,354.3564226407007,2025-05-03
124,0.0,4575.000000000004,274.91828571428573,354.3564226407007,2025-05-04
125,4599.321674113206,4975.678325886797,256.3099574468085,351.69527746950337,2025-05-05
126,4124.223045534753,5450.776954465251,256.3099574468085,349.04684331189696,2025-05-06
127,3504.4951606329187,5335.504839367085,256.3099574468085,346.2152301156661,2025-05-07
128,2863.576739382862,5266.423260617142,256.3099574468085,343.5443603757478,2025-05-08
129,2604.557279543092,4805.442720456912,256.3099574468085,342.5020650651491,2025-05-09
130,2100.9022283505633,5309.097771649441,256.3099574468085,340.49164587407876,2025-05-10
131,1629.1532849175378,5118.846715082466,256.3099574468085,338.9263144105724,2025-05-11
132,1230.9559376233842,5517.04406237662,256.3099574468085,337.6548388644924,2025-05-12
133,1230.9559376233842,5517.04406237662,256.3099574468085,337.6548388644924,2025-05-13
134,787.4860665470442,5260.5139334529595,256.3099574468085,336.4387587519409,2025-05-14
135,94.75990947540481,5221.240090524599,256.3099574468085,334.6783532870437,2025-05-15
136,0.0,4637.000000000004,256.3099574468085,334.4400560749195,2025-05-16
137,6493.608194106612,5143.391805893391,236.04755555555556,331.1524028531834,2025-05-17
138,5921.93375007509,5021.066249924914,236.04755555555556,328.14103411502555,2025-05-18
139,5469.0718837022705,5473.928116297733,236.04755555555556,325.8995718586172,2025-05-19
140,4751.3370074147915,6191.662992585212,236.04755555555556,323.018736957213,2025-05-20
141,4042.3312860082906,6235.668713991713,236.04755555555556,320.7613190220135,2025-05-21
142,3631.7674363748542,5979.23256362515,236.04755555555556,319.54352254226814,2025-05-22
143,3132.7031057520458,5782.296894247958,236.04755555555556,318.1186608025042,2025-05-23
144,2702.895468087333,6212.104531912671,236.04755555555556,316.9375326709952,2025-05-24
145,2279.2328512615995,5894.767148738404,236.04755555555556,315.92303214149604,2025-05-25
146,1988.8379007493068,6185.162099250697,236.04755555555556,315.2246246919089,2025-05-26
147,1451.1882296642898,6722.811770335714,236.04755555555556,314.09082877161507,2025-05-27
148,950.2772049435582,6480.722795056446,236.04755555555556,313.18637555023173,2025-05-28
149,647.4435263157791,6071.556473684224,236.04755555555556,312.644470499769,2025-05-29
150,647.4435263157791,5414.556473684224,236.04755555555556,312.64447049976906,2025-05-30
151,647.4435263157791,5414.556473684224,236.04755555555556,312.64447049976906,2025-05-31
152,241.89425946212333,5168.10574053788,236.04755555555556,311.83638890073007,2025-06-01
153,0.0,5410.000000000003,236.04755555555556,311.3539939187539,2025-06-02
154,0.0,5410.000000000003,236.04755555555556,311.3539939187539,2025-06-03
155,0.0,4687.000000000003,236.04755555555556,311.3539939187539,2025-06-04
156,11593.41916410912,4410.5808358908835,211.31163636363635,308.55683579259744,2025-06-05
157,11033.31285386954,4234.687146130464,211.31163636363635,304.9233865039705,2025-06-06
158,10438.371743220245,4829.628256779759,211.31163636363635,301.3988281940809,2025-06-07
159,10033.621685775539,4553.378314224465,211.31163636363635,299.4589526778415,2025-06-08
160,9452.18555418269,5134.814445817315,211.31163636363635,296.8378869710854,2025-06-09
161,8997.842037289422,5589.157962710582,211.31163636363635,295.1693048784265,2025-06-10
162,8452.153866276029,5392.846133723976,211.31163636363635,293.4919349139468,2025-06-11
163,7906.029552793223,5232.9704472067815,211.31163636363635,291.91210237653615,2025-06-12
164,7906.029552793223,4495.9704472067815,211.31163636363635,291.91210237653615,2025-06-13
165,7575.378666940088,4826.621333059917,211.31163636363635,290.8433821370686,2025-06-14
166,6947.383381843903,4733.616618156101,211.31163636363635,289.170328196017,2025-06-15
167,6510.109448732339,5170.890551267666,211.31163636363635,288.082938954944,2025-06-16
168,6127.729268256315,5553.27073174369,211.31163636363635,287.2724053024835,2025-06-17
169,5833.8801713896555,5097.119828610349,211.31163636363635,286.72156794185946,2025-06-18
170,5302.749397972141,4882.250602027863,211.31163636363635,285.73919608223173,2025-06-19
171,4740.6372362745315,4787.362763725473,211.31163636363635,284.76583221892315,2025-06-20
172,4470.398964063492,5057.601035936513,211.31163636363635,284.3141067339288,2025-06-21
173,3966.2861263498594,4816.713873650146,211.31163636363635,283.5887641257446,2025-06-22
174,3566.2180672764025,5216.781932723603,211.31163636363635,283.0306908888408,2025-06-23
175,3015.9244714049187,5767.075528595087,211.31163636363635,282.3895595810925,2025-06-24
176,2639.2496340092457,5462.75036599076,211.31163636363635,282.0169206222715,2025-06-25
177,2072.147566165182,5364.852433834823,211.31163636363635,281.48034389237426,2025-06-26
178,1611.097251862947,5139.902748137059,211.31163636363635,281.0713026958965,2025-06-27
179,923.0731358907974,5827.926864109208,211.31163636363635,280.50939358191243,2025-06-28
180,564.9186477506437,5523.081352249361,211.31163636363635,280.2663567541957,2025-06-29
181,120.19078316034057,5967.809216839664,211.31163636363635,279.9716465363519,2025-06-30
182,0.0,6088.000000000005,211.31163636363635,279.8993897214647,2025-07-01
183,0.0,5391.000000000005,211.31163636363635,279.89938972146473,2025-07-02
184,0.0,4668.000000000005,211.31163636363635,279.8993897214647,2025-07-03
185,6586.946430927967,4409.053569072037,200.63791780821919,278.7400333411574,2025-07-04
186,6031.29182950402,4964.708170495984,200.63791780821919,277.27363279267604,2025-07-05
187,5411.934201795641,4916.065798204363,200.63791780821919,275.98305544457577,2025-07-06
188,4893.11354412169,5434.886455878313,200.63791780821919,274.99549643008766,2025-07-07
189,4383.023068677328,5944.976931322675,200.63791780821919,274.1925981542192,2025-07-08
190,3976.5260448786753,5642.473955121329,200.63791780821919,273.6450949880613,2025-07-09
191,3644.078059057555,5324.9219409424495,200.63791780821919,273.19957118844303,2025-07-10
192,2982.5349561667463,5317.465043833258,200.63791780821919,272.3639595873545,2025-07-11
193,2982.5349561667463,5317.465043833258,200.63791780821919,272.3639595873545,2025-07-12
194,2436.56329944982,5212.4367005501845,200.63791780821919,271.7376667899994,2025-07-13
195,1992.5773077922404,5656.422692207764,200.63791780821919,271.25888306963344,2025-07-14
196,1544.896309650578,6104.103690349427,200.63791780821919,270.84663592141936,2025-07-15
197,964.3495743760913,6023.650425623913,200.63791780821919,270.3942705615208,2025-07-16
198,302.8705259288746,5999.12947407113,200.63791780821919,269.923639782336,2025-07-17
199,302.8705259288746,5256.12947407113,200.63791780821919,269.923639782336,2025-07-18
200,0.0,5559.000000000005,200.63791780821919,269.6901411551934,2025-07-19
201,0.0,4857.000000000005,200.63791780821919,269.6901411551934,2025-07-20
202,6673.365106552205,5183.634893447799,191.8321,268.879921109028,2025-07-21
203,6302.868725790441,5554.131274209563,191.8321,268.0762537312533,2025-07-22
204,5640.510405920777,5481.489594079228,191.8321,266.87820479043586,2025-07-23
205,5103.960022126627,5288.039977873377,191.8321,265.9825242365075,2025-07-24
206,4842.206237353904,4841.793762646101,191.8321,265.55094816744656,2025-07-25
207,4504.548839418333,5179.4511605816715,191.8321,264.9825513443197,2025-07-26
208,3947.6107243713113,4991.389275628693,191.8321,264.1912352759048,2025-07-27
209,3690.9577121015254,5248.042287898479,191.8321,263.8313402650324,2025-07-28
210,3320.866916052297,5618.133083947708,191.8321,263.3702699481282,2025-07-29
211,2804.260818046112,5404.7391819538925,191.8321,262.81969096427514,2025-07-30
212,2236.7987021919803,5283.201297808024,191.8321,262.2507665647068,2025-07-31
213,1684.0563712278422,5161.943628772162,191.8321,261.7375459823613,2025-08-01
214,1284.9355558328818,5561.064444167122,191.8321,261.38547928361817,2025-08-02
215,709.7495153238762,5465.250484676128,191.8321,260.9586648620719,2025-08-03
216,305.16111735753776,5869.838882642466,191.8321,260.6742345224953,2025-08-04
217,0.0,6175.000000000004,191.8321,260.4843608279329,2025-08-05
218,0.0,5522.000000000004,191.8321,260.4843608279329,2025-08-06
219,0.0,4844.000000000004,191.8321,260.4843608279329,2025-08-07
220,7365.0538182957425,4742.946181704261,183.48372727272726,259.09362687997873,2025-08-08
221,6810.262081927761,5297.737918072243,183.48372727272726,257.9825329155685,2025-08-09
222,6810.262081927761,4578.737918072243,183.48372727272726,257.9825329155685,2025-08-10
223,6477.451602859784,4911.54839714022,183.48372727272726,257.3388861872968,2025-08-11
224,6023.13206797911,5365.867932020894,183.48372727272726,256.5891339141643,2025-08-12
225,5607.173954799755,5047.826045200249,183.48372727272726,256.00601196847344,2025-08-13
226,5199.795859672747,4765.204140327257,183.48372727272726,255.44427056860488,2025-08-14
227,4480.855977160642,4818.144022839361,183.48372727272726,254.5317831943642,2025-08-15
228,4017.5721522609947,5281.427847739009,183.48372727272726,254.00125119404868,2025-08-16
229,3359.133683053387,5214.866316946617,183.48372727272726,253.38962968428402,2025-08-17
230,2813.8610979908954,5760.138902009109,183.48372727272726,252.92522177059968,2025-08-18
231,2204.6905865639874,6369.309413436017,183.48372727272726,252.50043043151646,2025-08-19
232,1703.7938207110105,6135.2061792889945,183.48372727272726,252.20757843128186,2025-08-20
233,1177.5082465372334,5955.491753462771,183.48372727272726,251.91337869079598,2025-08-21
234,680.0527750212268,5712.947224978778,183.48372727272726,251.64898804822158,2025-08-22
235,680.0527750212268,5712.947224978778,183.48372727272726,251.64898804822158,2025-08-23
236,100.87885767323746,5631.121142326767,183.48372727272726,251.3576337590553,2025-08-24
237,0.0,5732.000000000005,183.48372727272726,251.3070551820489,2025-08-25
238,0.0,5732.000000000005,183.48372727272726,251.3070551820489,2025-08-26
239,0.0,5030.000000000005,183.48372727272726,251.3070551820489,2025-08-27
240,0.0,4336.000000000005,183.48372727272726,251.30705518204888,2025-08-28
241,11309.161320642177,4292.8386793578275,173.46568,249.54226437856948,2025-08-29
242,10607.54651562395,4994.453484376055,173.46568,247.98623915712147,2025-08-30
243,9934.840005452623,5667.159994547382,173.46568,246.85612422625152,2025-08-31
244,9479.651081725056,6122.348918274948,173.46568,246.23230527572696,2025-09-01
245,9210.664081962426,6391.335918037577,173.46568,245.9054375820258,2025-09-02
246,9210.664081962426,5688.335918037577,173.46568,245.9054375820258,2025-09-03
247,8735.194427609515,5463.80557239049,173.46568,245.33154229534765,2025-09-04
248,8022.343264107939,6176.656735892066,173.46568,244.53914956009336,2025-09-05
249,8022.343264107939,6176.656735892066,173.46568,244.53914956009336,2025-09-06
250,7385.456092196705,6153.5439078033,173.46568,243.97143987712107,2025-09-07
251,6958.097234874342,6580.902765125663,173.46568,243.61389998726784,2025-09-08
252,6958.097234874342,6580.902765125663,173.46568,243.61389998726784,2025-09-09
253,6322.173026972681,6531.826973027323,173.46568,243.16025495327398,2025-09-10
254,5886.333814076426,6279.666185923578,173.46568,242.866601411626,2025-09-11
255,5511.997755982484,5951.002244017521,173.46568,242.6190175496442,2025-09-12
256,4992.628426651553,6470.371573348451,173.46568,242.28563389258673,2025-09-13
257,4305.032657966913,6484.967342033092,173.46568,241.91868836076108,2025-09-14
258,3736.011240894041,7053.988759105964,173.46568,241.64014585414475,2025-09-15
259,3212.085420920103,7577.914579079902,173.46568,241.42066797428006,2025-09-16
260,2877.0767542929184,7194.923245707087,173.46568,241.29556293402837,2025-09-17
261,2337.5138504529523,7049.486149547052,173.46568,241.0981484162584,2025-09-18
262,1600.1626600615643,7054.83733993844,173.46568,240.8488747207055,2025-09-19
263,1240.6509911592445,7414.34900884076,173.46568,240.73331685981464,2025-09-20
264,1240.6509911592445,6684.34900884076,173.46568,240.73331685981464,2025-09-21
265,590.6765653574689,7334.323434642535,173.46568,240.5323568150308,2025-09-22
266,4.2484357945995725,7920.751564205404,173.46568,240.37934640822468,2025-09-23
267,0.0,7178.000000000004,173.46568,240.3783205295032,2025-09-24
268,0.0,6463.000000000004,173.46568,240.37832052950318,2025-09-25
269,0.0,5741.000000000004,173.46568,240.37832052950318,2025-09-26
270,0.0,5741.000000000004,173.46568,240.37832052950318,2025-09-27
271,0.0,5091.000000000004,173.46568,240.37832052950318,2025-09-28
272,0.0,5091.000000000004,173.46568,240.37832052950318,2025-09-29
273,0.0,5091.000000000004,173.46568,240.37832052950318,2025-09-30
274,0.0,4399.000000000004,173.46568,240.37832052950318,2025-10-01
275,6496.142519003598,4228.857480996406,168.6595140186916,239.6878413677161,2025-10-02
276,6496.142519003598,4228.857480996406,168.6595140186916,239.6878413677161,2025-10-03
277,5885.422207744281,4839.577792255723,168.6595140186916,238.92710931359755,2025-10-04
278,5333.401784015468,4698.598215984535,168.6595140186916,238.38778496667103,2025-10-05
279,4762.128117195753,5269.871882804251,168.6595140186916,237.8752228508854,2025-10-06
280,4152.522230624762,5879.477769375241,168.6595140186916,237.438122648966,2025-10-07
281,3495.291193949497,5789.708806050507,168.6595140186916,237.05820380280804,2025-10-08
282,3051.6826205933817,5483.3173794066215,168.6595140186916,236.81632811533018,2025-10-09
283,2594.5686135751057,5242.431386424898,168.6595140186916,236.5734124334112,2025-10-10
284,2261.563872906807,5575.436127093197,168.6595140186916,236.39937367414495,2025-10-11
285,1734.8029198981196,5379.197080101884,168.6595140186916,236.1628603225977,2025-10-12
286,1734.8029198981196,5379.197080101884,168.6595140186916,236.1628603225977,2025-10-13
287,1246.5134205158556,5867.486579484148,168.6595140186916,235.95453300953855,2025-10-14
288,731.9891735645433,5686.01082643546,168.6595140186916,235.76950622877644,2025-10-15
289,307.6689739408565,5381.331026059147,168.6595140186916,235.62298187322693,2025-10-16
290,0.0,5032.000000000004,168.6595140186916,235.5167948209909,2025-10-17
291,0.0,5032.000000000004,168.6595140186916,235.5167948209909,2025-10-18
292,0.0,4302.000000000004,168.6595140186916,235.51679482099092,2025-10-19
293,378.1152895269556,4923.8847104730485,168.02377777777778,235.20192774483345,2025-10-20
294,4926.483655680859,5375.516344319145,165.0138761061947,234.76604622425873,2025-10-21
295,4573.993029760957,4999.0069702390465,165.0138761061947,234.47360673734858,2025-10-22
296,4066.425857288408,4832.574142711595,165.0138761061947,234.06253211857856,2025-10-23
297,3467.979487215209,4770.020512784795,165.0138761061947,233.61640905780524,2025-10-24
298,3072.490346639008,5165.509653360996,165.0138761061947,233.34058677568004,2025-10-25
299,2530.144853492095,5707.855146507908,165.0138761061947,233.02449141371153,2025-10-26
300,2202.711655243889,6035.288344756114,165.0138761061947,232.86115615240763,2025-10-27
301,1899.7143517516038,6338.285648248399,165.0138761061947,232.72504392519545,2025-10-28
302,1389.043012313348,6848.956987686655,165.0138761061947,232.52289406441224,2025-10-29
303,875.2051745085802,6703.794825491424,165.0138761061947,232.34779365849025,2025-10-30
304,327.68836223461824,6585.311637765386,165.0138761061947,232.17156911289382,2025-10-31
305,0.0,6913.000000000005,165.0138761061947,232.0692906682865,2025-11-01
306,0.0,6179.000000000005,165.0138761061947,232.0692906682865,2025-11-02
307,0.0,6179.000000000005,165.0138761061947,232.0692906682865,2025-11-03
308,0.0,6179.000000000005,165.0138761061947,232.0692906682865,2025-11-04
309,0.0,6179.000000000005,165.0138761061947,232.0692906682865,2025-11-05
310,0.0,5523.000000000005,165.0138761061947,232.0692906682865,2025-11-06
311,0.0,4826.000000000005,165.0138761061947,232.0692906682865,2025-11-07
312,6677.190441905944,5148.809558094061,161.2214,231.70265154887213,2025-11-08
313,6397.760053728011,4720.239946271993,161.2214,231.42049227382861,2025-11-09
314,5688.573632319367,5429.426367680638,161.2214,230.74139186900535,2025-11-10
315,5060.246406252014,6057.753593747991,161.2214,230.27256561040178,2025-11-11
316,4491.24600348822,5895.753996511785,161.2214,229.9247158388251,2025-11-12
317,4022.430326687064,5676.569673312941,161.2214,229.65192873608237,2025-11-13
318,3646.2673864280673,5344.732613571938,161.2214,229.43872953195526,2025-11-14
319,3278.353035386409,5712.6469646135965,161.2214,229.23152231012466,2025-11-15
320,2868.4152803597167,5456.584719640288,161.2214,229.02997952408367,2025-11-16
321,2351.6405361372995,5973.3594638627055,161.2214,228.78700017988595,2025-11-17
322,1775.5212192136896,6549.478780786316,161.2214,228.5613193474705,2025-11-18
323,1219.7888966057062,6432.211103394299,161.2214,228.37830313658492,2025-11-19
324,798.031680145547,6144.968319854458,161.2214,228.2455786446399,2025-11-20
325,95.62803731159704,6195.3719626884085,161.2214,228.0379383321975,2025-11-21
326,0.0,6291.0000000000055,161.2214,228.01032555276507,2025-11-22
327,0.0,5602.0000000000055,161.2214,228.0103255527651,2025-11-23
328,0.0,5602.0000000000055,161.2214,228.0103255527651,2025-11-24
329,0.0,5602.0000000000055,161.2214,228.0103255527651,2025-11-25
330,0.0,5602.0000000000055,161.2214,228.0103255527651,2025-11-26
331,0.0,4938.0000000000055,161.2214,228.0103255527651,2025-11-27
332,4406.621545425802,4878.378454574204,158.772544,227.55571766627645,2025-11-28
333,4138.825342355161,5146.174657644844,158.772544,227.3588491939092,2025-11-29
334,3792.519978216714,4818.480021783292,158.772544,227.1327297139725,2025-11-30
335,3494.1925170396744,5116.807482960331,158.772544,226.93681933890542,2025-12-01
336,3200.38394583336,5410.616054166645,158.772544,226.7649921002103,2025-12-02
337,3200.38394583336,4728.616054166645,158.772544,226.7649921002103,2025-12-03
338,2628.4658709716573,4609.534129028348,158.772544,226.44211234603168,2025-12-04
339,2137.2532505516456,5100.74674944836,158.772544,226.18502730984824,2025-12-05
340,2137.2532505516456,5100.74674944836,158.772544,226.18502730984824,2025-12-06
341,1640.1044979591904,4906.895502040815,158.772544,225.9707748166204,2025-12-07
342,8149.131038280843,5397.868961719161,155.65581818181818,225.48734280566657,2025-12-08
343,7773.012307500387,5773.987692499618,155.65581818181818,225.1726163105587,2025-12-09
344,7295.591460190828,5589.408539809177,155.65581818181818,224.82766787597515,2025-12-10
345,6830.415903932863,5373.584096067141,155.65581818181818,224.5071433822507,2025-12-11
346,6290.55615362927,5913.443846370735,155.65581818181818,224.15554192714944,2025-12-12
347,5743.873945146849,6460.126054853155,155.65581818181818,223.85938103339433,2025-12-13
348,5446.134606931079,6079.865393068925,155.65581818181818,223.7182378427739,2025-12-14
349,4989.364448247739,6536.635551752265,155.65581818181818,223.50424061080113,2025-12-15
350,4445.967079222995,7080.032920777009,155.65581818181818,223.28562224121163,2025-12-16
351,3944.900565288348,7581.099434711657,155.65581818181818,223.11180751107656,2025-12-17
352,3306.208664172763,7513.791335827242,155.65581818181818,222.92097292297862,2025-12-18
353,2751.02387232573,7409.976127674275,155.65581818181818,222.76511926279002,2025-12-19
354,2379.8841312596014,7781.115868740403,155.65581818181818,222.66451088344854,2025-12-20
355,2062.5824712912163,7365.417528708788,155.65581818181818,222.58580889922334,2025-12-21
356,1513.2782767594822,7914.721723240522,155.65581818181818,222.4518620551587,2025-12-22
357,1232.6910030706258,8195.308996929378,155.65581818181818,222.39036991934844,2025-12-23
358,1232.6910030706258,8195.308996929378,155.65581818181818,222.39036991934844,2025-12-24
359,542.0266250970311,8191.973374902973,155.65581818181818,222.2555514761323,2025-12-25
360,16.23461293009916,8038.765387069905,155.65581818181818,222.1590672338521,2025-12-26
361,0.0,8055.000000000005,155.65581818181818,222.156037480097,2025-12-27
362,0.0,7388.000000000005,155.65581818181818,222.156037480097,2025-12-28
363,0.0,7388.000000000005,155.65581818181818,222.156037480097,2025-12-29
364,0.0,7388.000000000005,155.65581818181818,222.156037480097,2025-12-30
365,0.0,6714.000000000005,155.65581818181818,222.15603748009704,2025-12-31
